record_id	title	journal	publication_date	doi	venue_tier	venue_selection_basis	journal_metric_note	primary_stratum	secondary_modalities	study_content	article_url	review_file_url	review_material_type	review_rounds	reviewer_count	review_file_sha256	review_pages	review_text_chars	extraction_method	access_status	post_publication_status	concern_codes	concern_ontology_version	canonical_concern_families	decisive_concern	request_class	governing_criterion	author_action	minimum_repair	stronger_optional_route	closure_evidence	closure_status	author_response_strategy	manuscript_change	portable_skill_rule	review_locator	response_locator	verification_note
TPR001	A fully open AI foundation model applied to chest radiography	Nature	2025-06-11	10.1038/s41586-025-09079-8	1-main-journal	Nature flagship; selected for venue standing, scope relevance and an official full peer-review file.	2025 JIF 56.1; official Nature Portfolio metrics: https://www.nature.com/nature-portfolio/about-journals/journal-metrics (checked 2026-08-22).	imaging-ai	chest radiography|radiology labels|federated learning	Ark+ uses cyclic pretraining across heterogeneous public chest-radiograph datasets and claims broad diagnostic, transfer, robustness and federated capabilities.	https://www.nature.com/articles/s41586-025-09079-8	https://static-content.springer.com/esm/art%3A10.1038%2Fs41586-025-09079-8/MediaObjects/41586_2025_9079_MOESM3_ESM.pdf	official transparent peer-review PDF: reviewer reports and author response; decision letters where included	NR:round labels not consistently recoverable	2	9ea63cbe37a49bfa380335c048e3bbbb5df52f4f7d0e2212fbbc99a8ce0cbcc6	11	37569	full-PDF download; SHA-256; pypdf page text extraction; regex anchors	VERIFIED_TEXT	NO_NOTICE_SIGNAL_FOUND as screened 2026-08-22: No targeted post-publication notice signal was found in the checked official page/status metadata and linked correction records as of the checked date; this one-time screen does not establish absence of undisclosed or future concerns.	COMPARATOR_FAIRNESS;DATA_OVERLAP_LEAKAGE;REPORTING_TRANSPARENCY	1.0.0	COMPARATOR_CONTROL_ABLATION;COHORT_LABEL_UNIT_LEAKAGE;REPRODUCIBILITY_OPENNESS	Referee 1 suggested adding RAD-DINO as a recent chest-radiograph foundation-model comparator to better contextualize Ark+ performance.	optional-strengthening	Incremental value must be separated from simpler baselines, controls and component or modality effects under matched, fair comparisons.	The authors added RAD-DINO comparisons on ChestX-ray14, ChestDR and COVIDxCXR-3 under linear-probing and fine-tuning, and explicitly noted the ChestX-ray14 overlap concern.	No mandatory repair follows from the review wording; if the optional comparison is undertaken, evaluate RAD-DINO under matched transfer settings and disclose any pretraining-test overlap.	Optional extension, not a recorded requirement: test the locked pipeline in an independent site, scanner or clinically shifted cohort.	Documented same-issue repair: The authors added RAD-DINO comparisons on ChestX-ray14, ChestDR and COVIDxCXR-3 under linear-probing and fine-tuning, and explicitly noted the ChestX-ray14 overlap concern.	analysis-or-evidence-added	accept_optional_suggestion|matched_comparator_evaluation|overlap_disclosure	The revised article or supplement incorporates the documented analysis, experiment, clarification or claim calibration identified in the response.	Do not convert a reviewer's 'worth doing' comparator suggestion into a mandatory experiment; if authors adopt it, require matched evaluation settings and disclosure of data overlap.	reviewer report p.1, Referee 1, Suggested improvements	author response p.5, Referee 1 Comment 1	Imaging subcorpus: official article DOI matched; full official review PDF downloaded, hashed and text-extracted; concern and same-issue response manually audited.
TPR002	Foundation models for fast, label-free detection of glioma infiltration	Nature	2024-11-13	10.1038/s41586-024-08169-3	1-main-journal	Nature flagship; selected for venue standing, scope relevance and an official full peer-review file.	2025 JIF 56.1; official Nature Portfolio metrics: https://www.nature.com/nature-portfolio/about-journals/journal-metrics (checked 2026-08-22).	digital-pathology	stimulated Raman histology|intraoperative microscopy|glioma	FastGlioma adapts a histology foundation model to rapid label-free stimulated Raman histology for intraoperative detection of glioma infiltration.	https://www.nature.com/articles/s41586-024-08169-3	https://static-content.springer.com/esm/art%3A10.1038%2Fs41586-024-08169-3/MediaObjects/41586_2024_8169_MOESM3_ESM.pdf	official transparent peer-review PDF: reviewer reports and author response; decision letters where included	NR:round labels not consistently recoverable	3	d74531d6292b0134a052cd764706e5d2cec83461df75df16b0f8a07b833dd1f2	21	54156	full-PDF download; SHA-256; pypdf page text extraction; regex anchors	VERIFIED_TEXT	NO_NOTICE_SIGNAL_FOUND as screened 2026-08-22: No targeted post-publication notice signal was found in the checked official page/status metadata and linked correction records as of the checked date; this one-time screen does not establish absence of undisclosed or future concerns.	COMPARATOR_FAIRNESS;NOVELTY_CONTRIBUTION;EXTERNAL_VALIDATION	1.0.0	COMPARATOR_CONTROL_ABLATION;CONTRIBUTION_CLAIM_CALIBRATION;EXTERNAL_VALIDATION_ROBUSTNESS	The reviewer found that the claimed need for foundation-model pretraining was not demonstrated without a same-task fully supervised control.	manuscript-grounded-defect	Incremental value must be separated from simpler baselines, controls and component or modality effects under matched, fair comparisons.	The authors performed the requested fully supervised control and reported mean AUC 84.7% +/- 1.1% versus 92.1% +/- 0.9% for FastGlioma.	Train an ordinal infiltration classifier without foundation pretraining on the same task and data, then compare its performance with FastGlioma with uncertainty.	Optional extension, not a recorded requirement: test slide-, laboratory- and population-shift robustness with patient-level separation.	Documented same-issue repair: The authors performed the requested fully supervised control and reported mean AUC 84.7% +/- 1.1% versus 92.1% +/- 0.9% for FastGlioma.	experiment-or-analysis-added	same_task_supervised_control|quantitative_performance_comparison	The revised article or supplement incorporates the documented analysis, experiment, clarification or claim calibration identified in the response.	When foundation pretraining is presented as necessary, compare it with a same-task, same-data fully supervised control before attributing incremental value to the foundation model.	reviewer report p.1, Referee 1, major comment 2	author response p.7, Referee 1, major comment 2	Imaging subcorpus: official article DOI matched; full official review PDF downloaded, hashed and text-extracted; concern and same-issue response manually audited.
TPR003	Study design features increase replicability in brain-wide association studies	Nature	2024-11-27	10.1038/s41586-024-08260-9	1-main-journal	Nature flagship; selected for venue standing, scope relevance and an official full peer-review file.	2025 JIF 56.1; official Nature Portfolio metrics: https://www.nature.com/nature-portfolio/about-journals/journal-metrics (checked 2026-08-22).	imaging-ai	structural MRI|functional connectivity|longitudinal phenotyping	This brain-wide association study evaluates how sampling variability and longitudinal designs change effect sizes, power and replicability across brain and non-brain measures.	https://www.nature.com/articles/s41586-024-08260-9	https://static-content.springer.com/esm/art%3A10.1038%2Fs41586-024-08260-9/MediaObjects/41586_2024_8260_MOESM3_ESM.pdf	official transparent peer-review PDF: reviewer reports and author response; decision letters where included	NR:round labels not consistently recoverable	5	1d905874070709450a0564ccf9849369250e51976763cb546c2f9b34c009c9e7	136	290088	full-PDF download; SHA-256; pypdf page text extraction; regex anchors	VERIFIED_TEXT	NO_NOTICE_SIGNAL_FOUND as screened 2026-08-22: No targeted post-publication notice signal was found in the checked official page/status metadata and linked correction records as of the checked date; this one-time screen does not establish absence of undisclosed or future concerns.	STATISTICAL_INFERENCE;COHORT_REPRESENTATIVENESS;ROBUSTNESS_OOD;CLAIM_CALIBRATION;REPORTING_CLARITY	1.0.0	STATISTICAL_INFERENCE_CONFOUNDING;COHORT_LABEL_UNIT_LEAKAGE;EXTERNAL_VALIDATION_ROBUSTNESS;CONTRIBUTION_CLAIM_CALIBRATION	The reviewer warned that an age-based longitudinal-design prescription might not generalize because benefit depends on the relative within-subject and between-subject association for each brain–phenotype pair.	manuscript-grounded-defect	The estimand, biological unit, hierarchy, uncertainty, multiplicity, confounding and sensitivity analyses must support the stated inference.	The authors fitted distinct within-subject and between-subject effects, added longitudinal functional-connectivity analyses, and showed that greater within-subject sampling helped only when the within-subject association was strong.	Estimate within-subject and between-subject effects separately and test an outcome, such as functional connectivity, whose state variability differs from structural volume.	Optional extension, not a recorded requirement: test the locked pipeline in an independent site, scanner or clinically shifted cohort.	Documented same-issue repair: The authors fitted distinct within-subject and between-subject effects, added longitudinal functional-connectivity analyses, and showed that greater within-subject sampling helped only when the within-subject association was strong.	experiment-or-analysis-added	separate_within_between_effects|functional_connectivity_validation	The revised article or supplement incorporates the documented analysis, experiment, clarification or claim calibration identified in the response.	Do not turn a design effect observed for age and structural volume into a universal prescription; first estimate whether the target brain–phenotype pair has a strong within-subject association.	reviewer report p.2, Referee 1 generalizability comment	author response p.16, Referee 1 comment 3	Imaging subcorpus: official article DOI matched; full official review PDF downloaded, hashed and text-extracted; concern and same-issue response manually audited.
TPR004	Longer scans boost prediction and cut costs in brain-wide association studies	Nature	2025-07-16	10.1038/s41586-025-09250-1	1-main-journal	Nature flagship; selected for venue standing, scope relevance and an official full peer-review file.	2025 JIF 56.1; official Nature Portfolio metrics: https://www.nature.com/nature-portfolio/about-journals/journal-metrics (checked 2026-08-22).	imaging-ai	fMRI|behavioral prediction|study-cost design	The study models the trade-off among fMRI scan duration, sample size, prediction accuracy and study cost across population and clinical datasets.	https://www.nature.com/articles/s41586-025-09250-1	https://static-content.springer.com/esm/art%3A10.1038%2Fs41586-025-09250-1/MediaObjects/41586_2025_9250_MOESM3_ESM.pdf	official transparent peer-review PDF: reviewer reports and author response; decision letters where included	NR:round labels not consistently recoverable	3	1c4a22158786e969a3854a373649fbff663b9e2b9852153084cfe8775f3f4ba0	104	231500	full-PDF download; SHA-256; pypdf page text extraction; regex anchors	VERIFIED_TEXT	NO_NOTICE_SIGNAL_FOUND as screened 2026-08-22: No targeted post-publication notice signal was found in the checked official page/status metadata and linked correction records as of the checked date; this one-time screen does not establish absence of undisclosed or future concerns.	EXTERNAL_VALIDATION;ROBUSTNESS_OOD;STATISTICAL_INFERENCE;CLAIM_CALIBRATION;COHORT_REPRESENTATIVENESS	1.0.0	EXTERNAL_VALIDATION_ROBUSTNESS;STATISTICAL_INFERENCE_CONFOUNDING;CONTRIBUTION_CLAIM_CALIBRATION;COHORT_LABEL_UNIT_LEAKAGE	Referee 1 found that a scan-time recommendation derived from two similarly acquired public datasets, one parcellation and one analysis type could not support a general-purpose claim.	manuscript-grounded-defect	Generalization and utility claims must match an explicitly shifted independent validation setting and expose robustness and failure boundaries.	The authors added TCP, MDD, ADNI and SINGER cohorts spanning clinical and older populations and different acquisition settings, and expanded task and resolution analyses before restating the recommendation.	Test the scan-time finding in datasets that vary in population and acquisition protocol, and state the limits of the recommended range.	Optional extension, not a recorded requirement: test the locked pipeline in an independent site, scanner or clinically shifted cohort.	Documented same-issue repair: The authors added TCP, MDD, ADNI and SINGER cohorts spanning clinical and older populations and different acquisition settings, and expanded task and resolution analyses before restating the recommendation.	experiment-or-analysis-added	cross_dataset_protocol_validation|recommendation_scope_revision	The revised article or supplement incorporates the documented analysis, experiment, clarification or claim calibration identified in the response.	A scan-time recommendation is transportable only after sensitivity testing across populations, acquisition protocols and analysis resolutions represented in the intended use domain.	reviewer report p.1, Referee 1 major concern	author response p.7, Editor comment E1C1	Imaging subcorpus: official article DOI matched; full official review PDF downloaded, hashed and text-extracted; concern and same-issue response manually audited.
TPR005	Comprehensive echocardiogram evaluation with view primed vision language AI	Nature	2025-11-11	10.1038/s41586-025-09850-x	1-main-journal	Nature flagship; selected for venue standing, scope relevance and an official full peer-review file.	2025 JIF 56.1; official Nature Portfolio metrics: https://www.nature.com/nature-portfolio/about-journals/journal-metrics (checked 2026-08-22).	imaging-ai	echocardiography video|clinical reports|multi-view aggregation	EchoPrime aggregates multiple echocardiographic views with report supervision to perform broad zero-shot and quantitative cardiac assessment.	https://www.nature.com/articles/s41586-025-09850-x	https://static-content.springer.com/esm/art%3A10.1038%2Fs41586-025-09850-x/MediaObjects/41586_2025_9850_MOESM4_ESM.pdf	official transparent peer-review PDF: reviewer reports and author response; decision letters where included	NR:round labels not consistently recoverable	4	23b9c42beca282132e0dcb2e48f3c93309a83c72444b9bf1dd58ebe39c5a1211	145	372847	full-PDF download; SHA-256; pypdf page text extraction; regex anchors	VERIFIED_TEXT	NO_NOTICE_SIGNAL_FOUND as screened 2026-08-22: No targeted post-publication notice signal was found in the checked official page/status metadata and linked correction records as of the checked date; this one-time screen does not establish absence of undisclosed or future concerns.	CLINICAL_WORKFLOW_UTILITY;COHORT_REPRESENTATIVENESS;ROBUSTNESS_OOD;REPORTING_CLARITY;CLAIM_CALIBRATION	1.0.0	CLINICAL_ETHICS_FEASIBILITY;COHORT_LABEL_UNIT_LEAKAGE;EXTERNAL_VALIDATION_ROBUSTNESS;CONTRIBUTION_CLAIM_CALIBRATION	The reviewer noted that EchoPrime depends on high-quality multi-view studies acquired by skilled operators, which could limit feasibility in resource-constrained settings.	clarification-needed	The claimed use must be tested at its intended decision point with workflow, burden, risk, privacy and feasibility boundaries visible.	The authors evaluated examinations described as technically difficult and 2,172 single-view A4C studies, and reported task-level performance for both strata alongside the full-study results.	Report performance separately for technically difficult examinations and a limited-view setting instead of assuming complete expert acquisition.	Optional extension, not a recorded requirement: test the locked pipeline in an independent site, scanner or clinically shifted cohort.	Documented same-issue repair: The authors evaluated examinations described as technically difficult and 2,172 single-view A4C studies, and reported task-level performance for both strata alongside the full-study results.	analysis-or-evidence-added	acquisition_quality_stratification|limited_view_analysis	The revised article or supplement incorporates the documented analysis, experiment, clarification or claim calibration identified in the response.	When acquisition expertise is upstream of an imaging model, report technically difficult and incomplete-view strata separately from full-study performance.	reviewer report p.1, clinical utility comment 1	author response pp.15-16, clinical utility comment 1	Imaging subcorpus: official article DOI matched; full official review PDF downloaded, hashed and text-extracted; concern and same-issue response manually audited.
TPR006	Merlin: a computed tomography vision–language foundation model and dataset	Nature	2026-03-04	10.1038/s41586-026-10181-8	1-main-journal	Nature flagship; selected for venue standing, scope relevance and an official full peer-review file.	2025 JIF 56.1; official Nature Portfolio metrics: https://www.nature.com/nature-portfolio/about-journals/journal-metrics (checked 2026-08-22).	imaging-ai	3D CT|radiology reports|EHR phenotypes	Merlin is a 3D CT vision-language model and dataset evaluated for zero-shot findings, few-shot adaptation, disease classification and EHR phenotypes.	https://www.nature.com/articles/s41586-026-10181-8	https://static-content.springer.com/esm/art%3A10.1038%2Fs41586-026-10181-8/MediaObjects/41586_2026_10181_MOESM3_ESM.pdf	official transparent peer-review PDF: reviewer reports and author response; decision letters where included	NR:round labels not consistently recoverable	4	9115f738be5436f4ac2dd4a52f3937c726f7f882faa172ab767fc70f23297148	82	273091	full-PDF download; SHA-256; pypdf page text extraction; regex anchors	VERIFIED_TEXT	NO_NOTICE_SIGNAL_FOUND as screened 2026-08-22: No targeted post-publication notice signal was found in the checked official page/status metadata and linked correction records as of the checked date; this one-time screen does not establish absence of undisclosed or future concerns.	COMPARATOR_FAIRNESS;ABLATION_COMPONENT;CLAIM_CALIBRATION;REPRODUCIBILITY_OPENNESS;ROBUSTNESS_OOD	1.0.0	COMPARATOR_CONTROL_ABLATION;CONTRIBUTION_CLAIM_CALIBRATION;REPRODUCIBILITY_OPENNESS;EXTERNAL_VALIDATION_ROBUSTNESS	The claimed value of 3D vision–language pretraining could not be isolated without matched 3D vision-only and 2D or 2D-to-3D vision–language controls.	manuscript-grounded-defect	Incremental value must be separated from simpler baselines, controls and component or modality effects under matched, fair comparisons.	The authors added Swin-UNETR and 3D ResNet152 vision-only pretraining plus 2D and lifted 2D-to-3D VLM baselines, then compared them with Merlin under matched findings and phenotype tasks.	Train and evaluate matched 3D vision-only, 2D vision–language and lifted 2D-to-3D controls under the same downstream tasks.	Optional extension, not a recorded requirement: test the locked pipeline in an independent site, scanner or clinically shifted cohort.	Documented same-issue repair: The authors added Swin-UNETR and 3D ResNet152 vision-only pretraining plus 2D and lifted 2D-to-3D VLM baselines, then compared them with Merlin under matched findings and phenotype tasks.	experiment-or-analysis-added	matched_paradigm_controls|downstream_task_comparison	The revised article or supplement incorporates the documented analysis, experiment, clarification or claim calibration identified in the response.	Attribute a volumetric vision–language gain only after separating dimensionality from language supervision with matched-data paradigm controls.	reviewer report p.1, Referee 1 major concern 1	author response pp.7-11, Referee 1 comment 1	Imaging subcorpus: official article DOI matched; full official review PDF downloaded, hashed and text-extracted; concern and same-issue response manually audited.
TPR007	AI-enabled virtual spatial proteomics from histopathology for interpretable biomarker discovery in lung cancer	Nature Medicine	2026-01-05	10.1038/s41591-025-04060-4	2-major-specialist	Major Nature research journal; selected for clinical-imaging relevance and an official full peer-review file.	2025 JIF 52.5; official Nature Portfolio metrics: https://www.nature.com/nature-portfolio/about-journals/journal-metrics (checked 2026-08-22).	imaging-mechanism	H&E WSI|spatial proteomics|pan-cancer survival	HEX predicts virtual spatial protein expression from H&E and integrates it with histology for biomarker discovery and outcome prediction across cancers.	https://www.nature.com/articles/s41591-025-04060-4	https://static-content.springer.com/esm/art%3A10.1038%2Fs41591-025-04060-4/MediaObjects/41591_2025_4060_MOESM3_ESM.pdf	official transparent peer-review PDF: reviewer reports and author response; decision letters where included	NR:round labels not consistently recoverable	4	f94149357add24321355f5dc6f0e8fd862ecd8a11cc22205e1a7d40d2fa04c57	49	94529	full-PDF download; SHA-256; pypdf page text extraction; regex anchors	VERIFIED_TEXT	NO_NOTICE_SIGNAL_FOUND as screened 2026-08-22: No targeted post-publication notice signal was found in the checked official page/status metadata and linked correction records as of the checked date; this one-time screen does not establish absence of undisclosed or future concerns.	ORTHOGONAL_VALIDATION;VALIDATION_GROUND_TRUTH;BIOLOGICAL_PLAUSIBILITY	1.0.0	MECHANISM_FUNCTION_PERTURBATION;MEASUREMENT_QC_SPATIAL_TRUTH;INTERPRETABILITY_ALTERNATIVES	Reviewer 4 noted that virtual protein patterns were not validated with an orthogonal assay and could reflect algorithmic artifacts rather than biology.	manuscript-grounded-defect	Mechanistic language requires an intervention or discriminating orthogonal evidence that addresses credible alternatives and causal boundaries.	The revision added paired IHC and H&E validation and reported concordance between HEX-derived protein maps and the IHC measurements.	Validate predicted protein maps against paired orthogonal protein measurements on corresponding histology and report marker-level concordance or error.	Optional extension, not a recorded requirement: validate both the imaging phenotype and the biological bridge in an independent matched cohort or perturbation model.	Documented same-issue repair: The revision added paired IHC and H&E validation and reported concordance between HEX-derived protein maps and the IHC measurements.	experiment-or-analysis-added	orthogonal_paired_assay_validation|marker_level_concordance	The revised article or supplement incorporates the documented analysis, experiment, clarification or claim calibration identified in the response.	Treat virtual protein maps as predictions until they are checked against paired orthogonal protein measurements; downstream outcome prediction alone does not establish molecular fidelity.	reviewer report p.3, Reviewer 4, issue 6	author response summary p.5, item 3	Imaging subcorpus: official article DOI matched; full official review PDF downloaded, hashed and text-extracted; concern and same-issue response manually audited.
TPR008	AI-based chest X-ray prioritization in the lung cancer diagnostic pathway: the LungIMPACT randomized controlled trial	Nature Medicine	2026-03-24	10.1038/s41591-026-04253-5	2-major-specialist	Major Nature research journal; selected for clinical-imaging relevance and an official full peer-review file.	2025 JIF 52.5; official Nature Portfolio metrics: https://www.nature.com/nature-portfolio/about-journals/journal-metrics (checked 2026-08-22).	imaging-ai	chest radiography|AI prioritization|randomized workflow trial	LungIMPACT randomizes the prioritization alert around a chest-X-ray AI system to test whether triage shortens the lung-cancer diagnostic pathway.	https://www.nature.com/articles/s41591-026-04253-5	https://static-content.springer.com/esm/art%3A10.1038%2Fs41591-026-04253-5/MediaObjects/41591_2026_4253_MOESM2_ESM.pdf	official transparent peer-review PDF: reviewer reports and author response; decision letters where included	NR:round labels not consistently recoverable	5	b2aa3b29cadf5da49aa7df95047d33c11337581f06bf3acb954409536c6f47ed	25	48249	full-PDF download; SHA-256; pypdf page text extraction; regex anchors	VERIFIED_TEXT	NO_NOTICE_SIGNAL_FOUND as screened 2026-08-22: No targeted post-publication notice signal was found in the checked official page/status metadata and linked correction records as of the checked date; this one-time screen does not establish absence of undisclosed or future concerns.	CLINICAL_WORKFLOW_UTILITY;STATISTICAL_INFERENCE;CLAIM_CALIBRATION;EXTERNAL_VALIDATION;FAILURE_ANALYSIS	1.0.0	CLINICAL_ETHICS_FEASIBILITY;STATISTICAL_INFERENCE_CONFOUNDING;CONTRIBUTION_CLAIM_CALIBRATION;EXTERNAL_VALIDATION_ROBUSTNESS	Because AI markings were visible to readers in both trial arms, the reviewer said the trial estimated prioritization versus no prioritization, not AI versus no AI.	clarification-needed	The claimed use must be tested at its intended decision point with workflow, burden, risk, privacy and feasibility boundaries visible.	The authors clarified the contrast as AI prioritization versus AI without prioritization, pointed readers to the arm diagram, and added that independent AI and reader effects could not be identified with this design.	Name the exact randomized contrast and acknowledge that the design cannot separate independent AI and radiologist effects.	Optional extension, not a recorded requirement: test the locked pipeline in an independent site, scanner or clinically shifted cohort.	Documented same-issue repair: The authors clarified the contrast as AI prioritization versus AI without prioritization, pointed readers to the arm diagram, and added that independent AI and reader effects could not be identified with this design.	text-or-claim-revised	estimand_clarification|design_limitation_disclosure	The revised article or supplement incorporates the documented analysis, experiment, clarification or claim calibration identified in the response.	Describe the information exposed in every clinical-AI trial arm; a prioritization alert trial cannot be written as AI versus no AI.	reviewer report p.2, Reviewer 4 comment 2	author response p.9, R2.5; p.14, R5.9-R5.10	Imaging subcorpus: official article DOI matched; full official review PDF downloaded, hashed and text-extracted; concern and same-issue response manually audited.
TPR009	A vision–language foundation model for the generation of realistic chest X-ray images	Nature Biomedical Engineering	2024-08-26	10.1038/s41551-024-01246-y	2-major-specialist	Major Nature biomedical-engineering journal; selected for imaging/AI relevance and an official full peer-review file.	2025 JIF 26.3; official Nature Portfolio metrics: https://www.nature.com/nature-portfolio/about-journals/journal-metrics (checked 2026-08-22).	imaging-ai	chest radiography|text-to-image generation|synthetic augmentation	RoentGen fine-tunes a vision-language diffusion model to synthesize chest radiographs from text and evaluates realism, retrieval and downstream augmentation.	https://www.nature.com/articles/s41551-024-01246-y	https://static-content.springer.com/esm/art%3A10.1038%2Fs41551-024-01246-y/MediaObjects/41551_2024_1246_MOESM3_ESM.pdf	official transparent peer-review PDF: reviewer reports and author response; decision letters where included	NR:round labels not consistently recoverable	3	f5fd9c27eb2585d9175808301d71512b3635ebf151347eeb81614bedc63809d0	62	114156	full-PDF download; SHA-256; pypdf page text extraction; regex anchors	VERIFIED_TEXT	NO_NOTICE_SIGNAL_FOUND as screened 2026-08-22: No targeted post-publication notice signal was found in the checked official page/status metadata and linked correction records as of the checked date; this one-time screen does not establish absence of undisclosed or future concerns.	COMPARATOR_FAIRNESS;IMAGE_QUALITY_REALISM;CLINICAL_WORKFLOW_UTILITY;ETHICS_PRIVACY;ABLATION_COMPONENT	1.0.0	COMPARATOR_CONTROL_ABLATION;EXTERNAL_VALIDATION_ROBUSTNESS;CLINICAL_ETHICS_FEASIBILITY	The reviewer said that synthetic-image augmentation had not been compared with strong self-supervised ways of using the same large real chest-radiograph corpus.	manuscript-grounded-defect	Incremental value must be separated from simpler baselines, controls and component or modality effects under matched, fair comparisons.	The authors added a chest-radiograph self-supervised experiment comparing representations learned from RoentGen images with representations learned from real data under the same downstream evaluation.	Compare downstream representations learned from synthetic images with a task-matched self-supervised alternative learned from real data.	Optional extension, not a recorded requirement: test the locked pipeline in an independent site, scanner or clinically shifted cohort.	Documented same-issue repair: The authors added a chest-radiograph self-supervised experiment comparing representations learned from RoentGen images with representations learned from real data under the same downstream evaluation.	experiment-or-analysis-added	matched_self_supervised_baseline|synthetic_versus_real_pretraining	The revised article or supplement incorporates the documented analysis, experiment, clarification or claim calibration identified in the response.	A synthetic-data benefit requires a matched comparison with a simpler real-data self-supervised strategy, not realism scores alone.	reviewer report p.4, Referee 3 self-supervised-baseline comment	author response p.34, self-supervised synthetic-versus-real experiment	Imaging subcorpus: official article DOI matched; full official review PDF downloaded, hashed and text-extracted; concern and same-issue response manually audited.
TPR010	A foundation model for enhancing magnetic resonance images and downstream segmentation, registration and diagnostic tasks	Nature Biomedical Engineering	2024-12-05	10.1038/s41551-024-01283-7	2-major-specialist	Major Nature biomedical-engineering journal; selected for imaging/AI relevance and an official full peer-review file.	2025 JIF 26.3; official Nature Portfolio metrics: https://www.nature.com/nature-portfolio/about-journals/journal-metrics (checked 2026-08-22).	imaging-ai	brain MRI|image enhancement|segmentation and registration	BME-X uses tissue-aware learning to correct motion, denoise, super-resolve and harmonize brain MRI for several downstream tasks.	https://www.nature.com/articles/s41551-024-01283-7	https://static-content.springer.com/esm/art%3A10.1038%2Fs41551-024-01283-7/MediaObjects/41551_2024_1283_MOESM3_ESM.pdf	official transparent peer-review PDF: reviewer reports and author response; decision letters where included	NR:round labels not consistently recoverable	2	e3a12bd3668f04ca21e9bb3ff64f5a82b0ed3285a613355cd207c7c9ca1d4d1f	52	158063	full-PDF download; SHA-256; pypdf page text extraction; regex anchors	VERIFIED_TEXT	NO_NOTICE_SIGNAL_FOUND as screened 2026-08-22: No targeted post-publication notice signal was found in the checked official page/status metadata and linked correction records as of the checked date; this one-time screen does not establish absence of undisclosed or future concerns.	IMAGE_QUALITY_REALISM;EXTERNAL_VALIDATION;ROBUSTNESS_OOD	1.0.0	EXTERNAL_VALIDATION_ROBUSTNESS	The editor required evidence that the enhancement model could handle real motion artifacts rather than only simulated corruptions.	manuscript-grounded-defect	Generalization and utility claims must match an explicitly shifted independent validation setting and expose robustness and failure boundaries.	The authors added 420 in-vivo MR-ART images containing paired motion-free and motion-corrupted scans from the same participants to evaluate real-artifact correction.	Evaluate the model on paired real motion-free and motion-corrupted MR images from the same participants.	Optional extension, not a recorded requirement: test the locked pipeline in an independent site, scanner or clinically shifted cohort.	Documented same-issue repair: The authors added 420 in-vivo MR-ART images containing paired motion-free and motion-corrupted scans from the same participants to evaluate real-artifact correction.	analysis-or-evidence-added	accept-or-partially-accept|paired_real_artifact_evaluation|report-result|anchor-location	The revised article or supplement incorporates the documented analysis, experiment, clarification or claim calibration identified in the response.	Performance on simulated corruption does not establish clinical artifact correction; use paired or otherwise well-controlled real-artifact data for the corresponding claim.	editorial decision p.1, required item 1	author response p.11, Editor Comment 1	Imaging subcorpus: official article DOI matched; full official review PDF downloaded, hashed and text-extracted; concern and same-issue response manually audited.
TPR011	A robust and scalable framework for hallucination detection in virtual tissue staining and digital pathology	Nature Biomedical Engineering	2025-06-16	10.1038/s41551-025-01421-9	2-major-specialist	Major Nature biomedical-engineering journal; selected for imaging/AI relevance and an official full peer-review file.	2025 JIF 26.3; official Nature Portfolio metrics: https://www.nature.com/nature-portfolio/about-journals/journal-metrics (checked 2026-08-22).	digital-pathology	virtual staining|whole-slide quality control|hallucination detection	AQuA detects image-level hallucinations and poor virtual staining across tissue types as a quality-control layer for digital pathology.	https://www.nature.com/articles/s41551-025-01421-9	https://static-content.springer.com/esm/art%3A10.1038%2Fs41551-025-01421-9/MediaObjects/41551_2025_1421_MOESM3_ESM.pdf	official transparent peer-review PDF: reviewer reports and author response; decision letters where included	NR:round labels not consistently recoverable	3	55f0817c21d4fe17b511115825de99062398d20911625636f1f52b3127317b9c	82	250281	full-PDF download; SHA-256; pypdf page text extraction; regex anchors	VERIFIED_TEXT	NO_NOTICE_SIGNAL_FOUND as screened 2026-08-22: No targeted post-publication notice signal was found in the checked official page/status metadata and linked correction records as of the checked date; this one-time screen does not establish absence of undisclosed or future concerns.	IMAGE_QUALITY_REALISM;EXTERNAL_VALIDATION;COMPARATOR_FAIRNESS;CLINICAL_WORKFLOW_UTILITY;FAILURE_ANALYSIS	1.0.0	EXTERNAL_VALIDATION_ROBUSTNESS;COMPARATOR_CONTROL_ABLATION;CLINICAL_ETHICS_FEASIBILITY	Reviewer 1 questioned whether a detector trained on artificial early-stopping failures would recognize clinically plausible failures from a well-trained but overfitted virtual-staining model.	manuscript-grounded-defect	Generalization and utility claims must match an explicitly shifted independent validation setting and expose robustness and failure boundaries.	The authors tested AQuA on a well-trained overfitted virtual-staining model whose failure pattern was unseen during AQuA training and reported successful discrimination of its failed images.	Challenge the detector with a failure generator absent from its training distribution, rather than only additional early-stopped checkpoints.	Optional extension, not a recorded requirement: test slide-, laboratory- and population-shift robustness with patient-level separation.	Documented same-issue repair: The authors tested AQuA on a well-trained overfitted virtual-staining model whose failure pattern was unseen during AQuA training and reported successful discrimination of its failed images.	experiment-or-analysis-added	unseen_failure_generator_test|distribution_shift_analysis	The revised article or supplement incorporates the documented analysis, experiment, clarification or claim calibration identified in the response.	A hallucination detector must be challenged with failure generators it did not see during training; variation within the same artificial failure recipe is not enough.	reviewer report p.2, Reviewer 1 comment 1	author response p.16, Reviewer 1 comment 1	Imaging subcorpus: official article DOI matched; full official review PDF downloaded, hashed and text-extracted; concern and same-issue response manually audited.
TPR012	A generative model uses healthy and diseased image pairs for pixel-level chest X-ray pathology localization	Nature Biomedical Engineering	2025-07-14	10.1038/s41551-025-01456-y	2-major-specialist	Major Nature biomedical-engineering journal; selected for imaging/AI relevance and an official full peer-review file.	2025 JIF 26.3; official Nature Portfolio metrics: https://www.nature.com/nature-portfolio/about-journals/journal-metrics (checked 2026-08-22).	imaging-ai	chest radiography|generative healthy-disease pairs|pixel localization	PIXEL generates anatomically aligned healthy–diseased chest-X-ray pairs to train fine-grained pathology-localization models with weak real labels.	https://www.nature.com/articles/s41551-025-01456-y	https://static-content.springer.com/esm/art%3A10.1038%2Fs41551-025-01456-y/MediaObjects/41551_2025_1456_MOESM3_ESM.pdf	official transparent peer-review PDF: reviewer reports and author response; decision letters where included	NR:round labels not consistently recoverable	3	fc756abb820d4662c78d83155f1f713923fd1f28c78e3e84920398000ef5df59	48	147784	full-PDF download; SHA-256; pypdf page text extraction; regex anchors	VERIFIED_TEXT	NO_NOTICE_SIGNAL_FOUND as screened 2026-08-22: No targeted post-publication notice signal was found in the checked official page/status metadata and linked correction records as of the checked date; this one-time screen does not establish absence of undisclosed or future concerns.	COMPARATOR_FAIRNESS;EXTERNAL_VALIDATION;IMAGE_QUALITY_REALISM;LABEL_REFERENCE_STANDARD;FAILURE_ANALYSIS	1.0.0	COMPARATOR_CONTROL_ABLATION;EXTERNAL_VALIDATION_ROBUSTNESS;COHORT_LABEL_UNIT_LEAKAGE	The reviewer noted that PIXEL had not been tested on chest radiographs containing multiple concurrent pathologies, a common clinical setting.	manuscript-grounded-defect	Incremental value must be separated from simpler baselines, controls and component or modality effects under matched, fair comparisons.	The authors added paired-disease prompts and mixed-pathology localization tests, then removed implausible examples after radiologist feedback and retained pathology-specific limitations.	Generate and localize at least two concurrent pathologies and disclose which combinations fail or remain implausible.	Optional extension, not a recorded requirement: test the locked pipeline in an independent site, scanner or clinically shifted cohort.	Documented same-issue repair: The authors added paired-disease prompts and mixed-pathology localization tests, then removed implausible examples after radiologist feedback and retained pathology-specific limitations.	experiment-or-analysis-added	concurrent_pathology_test|failure_example_curation	The revised article or supplement incorporates the documented analysis, experiment, clarification or claim calibration identified in the response.	A localization generator evaluated only on single abnormalities cannot support mixed-pathology use; test concurrent findings and retain pathology-specific failure boundaries.	reviewer report p.2, Reviewer 1 comment 1	author response pp.13-15, Reviewer 1 question 1; p.47, follow-up question 2	Imaging subcorpus: official article DOI matched; full official review PDF downloaded, hashed and text-extracted; concern and same-issue response manually audited.
TPR013	Unconditional latent diffusion models memorize patient imaging data	Nature Biomedical Engineering	2025-08-11	10.1038/s41551-025-01468-8	2-major-specialist	Major Nature biomedical-engineering journal; selected for imaging/AI relevance and an official full peer-review file.	2025 JIF 26.3; official Nature Portfolio metrics: https://www.nature.com/nature-portfolio/about-journals/journal-metrics (checked 2026-08-22).	imaging-ai	MRI and CT|latent diffusion|privacy memorization	The study measures patient-image memorization by unconditional latent diffusion models across 2D and 3D medical-imaging datasets.	https://www.nature.com/articles/s41551-025-01468-8	https://static-content.springer.com/esm/art%3A10.1038%2Fs41551-025-01468-8/MediaObjects/41551_2025_1468_MOESM3_ESM.pdf	official transparent peer-review PDF: reviewer reports and author response; decision letters where included	NR:round labels not consistently recoverable	3	9a5d88c2c1c7f936bf15a209c237fe4d1da61e8c757a4626dacf10e5179cc47a	31	83729	full-PDF download; SHA-256; pypdf page text extraction; regex anchors	VERIFIED_TEXT	NO_NOTICE_SIGNAL_FOUND as screened 2026-08-22: No targeted post-publication notice signal was found in the checked official page/status metadata and linked correction records as of the checked date; this one-time screen does not establish absence of undisclosed or future concerns.	ETHICS_PRIVACY;ROBUSTNESS_OOD;COMPARATOR_FAIRNESS;IMAGE_QUALITY_REALISM;ABLATION_COMPONENT	1.0.0	CLINICAL_ETHICS_FEASIBILITY;EXTERNAL_VALIDATION_ROBUSTNESS;COMPARATOR_CONTROL_ABLATION	The reviewer argued that apparent memorization might be driven by small 3D training sets and requested a training-size stress test.	manuscript-grounded-defect	The claimed use must be tested at its intended decision point with workflow, burden, risk, privacy and feasibility boundaries visible.	The authors trained fastMRI 3D latent-diffusion models with 1,000, 2,000 and 5,000 training samples under fixed-epoch and fixed-iteration scenarios and reported how memorization and copying changed.	Train the same 3D generator on materially different sample sizes while controlling exposure by epochs or iterations.	Optional extension, not a recorded requirement: test the locked pipeline in an independent site, scanner or clinically shifted cohort.	Documented same-issue repair: The authors trained fastMRI 3D latent-diffusion models with 1,000, 2,000 and 5,000 training samples under fixed-epoch and fixed-iteration scenarios and reported how memorization and copying changed.	experiment-or-analysis-added	training_size_stress_test|exposure_controlled_analysis	The revised article or supplement incorporates the documented analysis, experiment, clarification or claim calibration identified in the response.	A generative-model privacy conclusion needs a training-size sensitivity analysis that distinguishes number of samples from number of optimization exposures.	reviewer comment reproduced in author response p.8, R1.1	author response p.8, R1.1	Imaging subcorpus: official article DOI matched; full official review PDF downloaded, hashed and text-extracted; concern and same-issue response manually audited.
TPR014	A visually grounded language model for fetal ultrasound understanding	Nature Biomedical Engineering	2026-01-15	10.1038/s41551-025-01578-3	2-major-specialist	Major Nature biomedical-engineering journal; selected for imaging/AI relevance and an official full peer-review file.	2025 JIF 26.3; official Nature Portfolio metrics: https://www.nature.com/nature-portfolio/about-journals/journal-metrics (checked 2026-08-22).	imaging-ai	fetal ultrasound|visual question answering|sonographer study	Sonomate is a visually grounded language model for fetal-ultrasound understanding, classification and interactive question answering.	https://www.nature.com/articles/s41551-025-01578-3	https://static-content.springer.com/esm/art%3A10.1038%2Fs41551-025-01578-3/MediaObjects/41551_2025_1578_MOESM2_ESM.pdf	official transparent peer-review PDF: reviewer reports and author response; decision letters where included	NR:round labels not consistently recoverable	3	86002c6475d06668b25e555c7a28ae5b39332ccb0581c07bf0781cd47105a650	39	121825	full-PDF download; SHA-256; pypdf page text extraction; regex anchors	VERIFIED_TEXT	NO_NOTICE_SIGNAL_FOUND as screened 2026-08-22: No targeted post-publication notice signal was found in the checked official page/status metadata and linked correction records as of the checked date; this one-time screen does not establish absence of undisclosed or future concerns.	CLINICAL_WORKFLOW_UTILITY;ABLATION_COMPONENT;ROBUSTNESS_OOD;FAILURE_ANALYSIS;REPRODUCIBILITY_OPENNESS	1.0.0	CLINICAL_ETHICS_FEASIBILITY;COMPARATOR_CONTROL_ABLATION;EXTERNAL_VALIDATION_ROBUSTNESS;REPRODUCIBILITY_OPENNESS	The reviewer said that the private training videos and audio made Sonomate reproducibility impossible to assess.	clarification-needed	The claimed use must be tested at its intended decision point with workflow, burden, risk, privacy and feasibility boundaries visible.	The authors stated that PULSE governance prevented release, cited the acquisition protocol, and evaluated Sonomate on an independent public maternal–fetal ultrasound dataset from another institution.	State the privacy or governance barrier, fully describe acquisition, and provide a public-data route for independent evaluation where raw training data cannot be released.	Optional extension, not a recorded requirement: test the locked pipeline in an independent site, scanner or clinically shifted cohort.	Documented same-issue repair: The authors stated that PULSE governance prevented release, cited the acquisition protocol, and evaluated Sonomate on an independent public maternal–fetal ultrasound dataset from another institution.	declined-with-explicit-boundary	data_governance_boundary|public_surrogate_evaluation	The revised article or supplement incorporates the documented analysis, experiment, clarification or claim calibration identified in the response.	When training data cannot be shared, identify who controls release and why, then provide sufficient acquisition detail and an independently accessible evaluation dataset.	reviewer report p.2, reproducibility comment	author response pp.18-19, R1.4	Imaging subcorpus: official article DOI matched; full official review PDF downloaded, hashed and text-extracted; concern and same-issue response manually audited.
TPR015	Generalist foundation models from a multimodal dataset for 3D computed tomography	Nature Biomedical Engineering	2026-02-12	10.1038/s41551-025-01599-y	2-major-specialist	Major Nature biomedical-engineering journal; selected for imaging/AI relevance and an official full peer-review file.	2025 JIF 26.3; official Nature Portfolio metrics: https://www.nature.com/nature-portfolio/about-journals/journal-metrics (checked 2026-08-22).	imaging-ai	3D chest CT|radiology reports|vision-language assistants	CT-RATE supports CT-CLIP and CT-CHAT generalist models for zero-shot abnormality detection, report generation and multimodal interaction in 3D CT.	https://www.nature.com/articles/s41551-025-01599-y	https://static-content.springer.com/esm/art%3A10.1038%2Fs41551-025-01599-y/MediaObjects/41551_2025_1599_MOESM3_ESM.pdf	official transparent peer-review PDF: reviewer reports and author response; decision letters where included	NR:round labels not consistently recoverable	2	4e9e452d74d5d47741b4e84151f9b8a7cc1c4cac7387d795841fba6690f9814a	15	46653	full-PDF download; SHA-256; pypdf page text extraction; regex anchors	VERIFIED_TEXT	NO_NOTICE_SIGNAL_FOUND as screened 2026-08-22: No targeted post-publication notice signal was found in the checked official page/status metadata and linked correction records as of the checked date; this one-time screen does not establish absence of undisclosed or future concerns.	COMPARATOR_FAIRNESS;EXTERNAL_VALIDATION;ABLATION_COMPONENT;LABEL_REFERENCE_STANDARD;REPRODUCIBILITY_OPENNESS	1.0.0	COMPARATOR_CONTROL_ABLATION;EXTERNAL_VALIDATION_ROBUSTNESS;COHORT_LABEL_UNIT_LEAKAGE;REPRODUCIBILITY_OPENNESS	Reviewer 1 strongly encouraged comparison with a more recent 3D CT model such as MedSyn because CT-Net alone was outdated.	reviewer-preference	Incremental value must be separated from simpler baselines, controls and component or modality effects under matched, fair comparisons.	The authors explained the public-data and implementation barriers to a direct MedSyn reproduction, contacted the MedSyn team, and added evaluation on its private UPMC test set as the closest feasible external comparison.	Add a recent task-relevant comparator when reproducible, or document why a direct matched comparison is unavailable and provide the closest fair alternative.	Optional extension, not a recorded requirement: test the locked pipeline in an independent site, scanner or clinically shifted cohort.	Documented same-issue repair: The authors explained the public-data and implementation barriers to a direct MedSyn reproduction, contacted the MedSyn team, and added evaluation on its private UPMC test set as the closest feasible external comparison.	evidence-based-pushback	comparator_feasibility_disclosure|collaborative_external_evaluation	The revised article or supplement incorporates the documented analysis, experiment, clarification or claim calibration identified in the response.	Do not silently omit or fabricate a requested comparator: disclose missing checkpoints or data and negotiate the closest fair evaluation that preserves the comparison boundary.	reviewer report p.2, Reviewer 1 comparator suggestion	author response pp.7-8, Reviewer 1 comment 1	Imaging subcorpus: official article DOI matched; full official review PDF downloaded, hashed and text-extracted; concern and same-issue response manually audited.
TPR016	Learning neuroimaging models from health system-scale data	Nature Biomedical Engineering	2026-02-06	10.1038/s41551-025-01608-0	2-major-specialist	Major Nature biomedical-engineering journal; selected for imaging/AI relevance and an official full peer-review file.	2025 JIF 26.3; official Nature Portfolio metrics: https://www.nature.com/nature-portfolio/about-journals/journal-metrics (checked 2026-08-22).	imaging-ai	health-system MRI|PACS reports|fairness auditing	Prima learns neuroimaging representations from health-system-scale PACS MRI and reports, then evaluates many diagnoses, temporal testing and subgroup fairness.	https://www.nature.com/articles/s41551-025-01608-0	https://static-content.springer.com/esm/art%3A10.1038%2Fs41551-025-01608-0/MediaObjects/41551_2025_1608_MOESM3_ESM.pdf	official transparent peer-review PDF: reviewer reports and author response; decision letters where included	NR:round labels not consistently recoverable	4	b5451123dfadc14e04211bd5f8c9b26724bb1ea99c3b50b39ef19123de971a45	9	18674	full-PDF download; SHA-256; pypdf page text extraction; regex anchors	VERIFIED_TEXT	NO_NOTICE_SIGNAL_FOUND as screened 2026-08-22: No targeted post-publication notice signal was found in the checked official page/status metadata and linked correction records as of the checked date; this one-time screen does not establish absence of undisclosed or future concerns.	DATA_LEAKAGE_SPLIT;CLAIM_CALIBRATION;SUBGROUP_FAIRNESS;ROBUSTNESS_OOD;REPRODUCIBILITY_OPENNESS	1.0.0	COHORT_LABEL_UNIT_LEAKAGE;CONTRIBUTION_CLAIM_CALIBRATION;STATISTICAL_INFERENCE_CONFOUNDING;EXTERNAL_VALIDATION_ROBUSTNESS;REPRODUCIBILITY_OPENNESS	The reviewer questioned calling a frozen temporal holdout study prospective when predictions were generated offline rather than used as patients were encountered.	clarification-needed	The claimed effect must use valid labels and the correct independent unit, with cohort provenance and leakage-safe separation exposed.	The authors explained that the data were prospectively acquired but evaluated offline in temporal order, and removed the prospective descriptor to avoid implying online clinical use.	Rename the design from how data and decisions were actually generated and distinguish prospective acquisition from prospective clinical evaluation.	Optional extension, not a recorded requirement: test the locked pipeline in an independent site, scanner or clinically shifted cohort.	Documented same-issue repair: The authors explained that the data were prospectively acquired but evaluated offline in temporal order, and removed the prospective descriptor to avoid implying online clinical use.	text-or-claim-revised	study_design_renaming|temporal_holdout_clarification	The revised article or supplement incorporates the documented analysis, experiment, clarification or claim calibration identified in the response.	Prospectively acquired data do not make an offline temporal holdout a prospective clinical evaluation; name the design from the prediction and decision workflow.	reviewer comment reproduced in author response p.4, study-design comment	author response p.4, same study-design comment	Imaging subcorpus: official article DOI matched; full official review PDF downloaded, hashed and text-extracted; concern and same-issue response manually audited.
TPR017	A generalizable deep learning system for cardiac MRI	Nature Biomedical Engineering	2026-03-25	10.1038/s41551-026-01637-3	2-major-specialist	Major Nature biomedical-engineering journal; selected for imaging/AI relevance and an official full peer-review file.	2025 JIF 26.3; official Nature Portfolio metrics: https://www.nature.com/nature-portfolio/about-journals/journal-metrics (checked 2026-08-22).	imaging-ai	cardiac MRI cine|report-derived labels|multicenter transfer	This system pretrains cardiac-MRI video representations with report supervision and evaluates efficient transfer to anatomy and disease tasks.	https://www.nature.com/articles/s41551-026-01637-3	https://static-content.springer.com/esm/art%3A10.1038%2Fs41551-026-01637-3/MediaObjects/41551_2026_1637_MOESM3_ESM.pdf	official transparent peer-review PDF: reviewer reports and author response; decision letters where included	NR:round labels not consistently recoverable	2	06dc7503668b2b18df07264fef8160804f781ed7eae16e8a70d60912ec85ba06	39	117852	full-PDF download; SHA-256; pypdf page text extraction; regex anchors	VERIFIED_TEXT	NO_NOTICE_SIGNAL_FOUND as screened 2026-08-22: No targeted post-publication notice signal was found in the checked official page/status metadata and linked correction records as of the checked date; this one-time screen does not establish absence of undisclosed or future concerns.	NOVELTY_CONTRIBUTION;EXTERNAL_VALIDATION;LABEL_REFERENCE_STANDARD;SUBGROUP_FAIRNESS;CLAIM_CALIBRATION;REPRODUCIBILITY_OPENNESS	1.0.0	CONTRIBUTION_CLAIM_CALIBRATION;EXTERNAL_VALIDATION_ROBUSTNESS;COHORT_LABEL_UNIT_LEAKAGE;STATISTICAL_INFERENCE_CONFOUNDING;REPRODUCIBILITY_OPENNESS	Reviewer 2 said that repeated claims that the model understands cardiovascular disease overstated a system that learns statistical associations.	manuscript-grounded-defect	The stated contribution and every material claim must remain a defensible delta within the actual design, evidence, uncertainty and validated scope.	The authors replaced understanding terminology with representing or contextualizing cardiovascular disease wherever applicable.	Replace anthropomorphic understanding claims with language that describes learned representation or statistical association.	Optional extension, not a recorded requirement: test the locked pipeline in an independent site, scanner or clinically shifted cohort.	Documented same-issue repair: The authors replaced understanding terminology with representing or contextualizing cardiovascular disease wherever applicable.	text-or-claim-revised	anthropomorphic_claim_removal|mechanistic_scope_correction	The revised article or supplement incorporates the documented analysis, experiment, clarification or claim calibration identified in the response.	Do not describe an imaging model as understanding disease unless an operational test supports that construct; use representation or association language.	reviewer report p.4, Reviewer 2 comment 11	author response p.34, Reviewer 2 comment 11	Imaging subcorpus: official article DOI matched; full official review PDF downloaded, hashed and text-extracted; concern and same-issue response manually audited.
TPR018	Large-scale multi-sequence pretraining for generalizable MRI analysis in versatile clinical applications	Nature Biomedical Engineering	2026-07-13	10.1038/s41551-026-01740-5	2-major-specialist	Major Nature biomedical-engineering journal; selected for imaging/AI relevance and an official full peer-review file.	2025 JIF 26.3; official Nature Portfolio metrics: https://www.nature.com/nature-portfolio/about-journals/journal-metrics (checked 2026-08-22).	imaging-ai	multi-sequence MRI|segmentation|registration|disease grading	MARS pretrains a large 3D MRI model across anatomical regions and sequences for classification, segmentation, registration and enhancement-aware tasks.	https://www.nature.com/articles/s41551-026-01740-5	https://static-content.springer.com/esm/art%3A10.1038%2Fs41551-026-01740-5/MediaObjects/41551_2026_1740_MOESM3_ESM.pdf	official transparent peer-review PDF: reviewer reports and author response; decision letters where included	NR:round labels not consistently recoverable	3	9559d0d6d8f86acc2e3223c603ac24b11c198bdb7ca29c3a20e38e0ccf6b71d1	49	120715	full-PDF download; SHA-256; pypdf page text extraction; regex anchors	VERIFIED_TEXT	NO_NOTICE_SIGNAL_FOUND as screened 2026-08-22: No targeted post-publication notice signal was found in the checked official page/status metadata and linked correction records as of the checked date; this one-time screen does not establish absence of undisclosed or future concerns.	EXTERNAL_VALIDATION;COMPARATOR_FAIRNESS;ROBUSTNESS_OOD;CLAIM_CALIBRATION;REPORTING_CLARITY	1.0.0	EXTERNAL_VALIDATION_ROBUSTNESS;COMPARATOR_CONTROL_ABLATION;CONTRIBUTION_CLAIM_CALIBRATION	The reviewer identified the manuscript's description of BME-X as wrong or misleading because BME-X had evaluated downstream segmentation, registration and diagnosis.	manuscript-grounded-defect	Generalization and utility claims must match an explicitly shifted independent validation setting and expose robustness and failure boundaries.	The authors acknowledged the wording was misleading and revised the Introduction to describe BME-X as an enhancement model that had also been evaluated on downstream segmentation, registration and diagnosis.	Correct the comparator description so that its downstream scope is accurately represented.	Optional extension, not a recorded requirement: test the locked pipeline in an independent site, scanner or clinically shifted cohort.	Documented same-issue repair: The authors acknowledged the wording was misleading and revised the Introduction to describe BME-X as an enhancement model that had also been evaluated on downstream segmentation, registration and diagnosis.	text-or-claim-revised	comparator_scope_correction|neutral_positioning	The revised article or supplement incorporates the documented analysis, experiment, clarification or claim calibration identified in the response.	Characterize a comparator from its published objectives and evaluations; a positioning argument cannot erase downstream tasks that the comparator actually tested.	reviewer report p.2, BME-X characterization comment	author response pp.14-15, same BME-X comment	Imaging subcorpus: official article DOI matched; full official review PDF downloaded, hashed and text-extracted; concern and same-issue response manually audited.
TPR019	CLEAR: an auditable foundation model for radiology grounded in clinical concepts	Nature Biomedical Engineering	2026-07-22	10.1038/s41551-026-01741-4	2-major-specialist	Major Nature biomedical-engineering journal; selected for imaging/AI relevance and an official full peer-review file.	2025 JIF 26.3; official Nature Portfolio metrics: https://www.nature.com/nature-portfolio/about-journals/journal-metrics (checked 2026-08-22).	imaging-ai	chest radiography|radiology reports|clinical concepts	CLEAR derives an auditable clinical-concept space from chest-X-ray reports and uses it for diagnosis, calibration, confounder discovery and targeted model intervention.	https://www.nature.com/articles/s41551-026-01741-4	https://static-content.springer.com/esm/art%3A10.1038%2Fs41551-026-01741-4/MediaObjects/41551_2026_1741_MOESM3_ESM.pdf	official transparent peer-review PDF: reviewer reports and author response; decision letters where included	NR:round labels not consistently recoverable	3	752866dd5ea05108d6ad674609c822d89243af40e1be51786f468b6a5a01b999	26	76985	full-PDF download; SHA-256; pypdf page text extraction; regex anchors	VERIFIED_TEXT	NO_NOTICE_SIGNAL_FOUND as screened 2026-08-22: No targeted post-publication notice signal was found in the checked official page/status metadata and linked correction records as of the checked date; this one-time screen does not establish absence of undisclosed or future concerns.	COMPARATOR_FAIRNESS;INTERPRETABILITY_MECHANISM;LABEL_REFERENCE_STANDARD;DATA_LEAKAGE_SPLIT;CLINICAL_WORKFLOW_UTILITY;STATISTICAL_INFERENCE	1.0.0	COMPARATOR_CONTROL_ABLATION;INTERPRETABILITY_ALTERNATIVES;COHORT_LABEL_UNIT_LEAKAGE;CLINICAL_ETHICS_FEASIBILITY;STATISTICAL_INFERENCE_CONFOUNDING	The reviewer asked for calibration results because AUROC alone did not show whether CLEAR's predicted probabilities were reliable.	manuscript-grounded-defect	Incremental value must be separated from simpler baselines, controls and component or modality effects under matched, fair comparisons.	The authors added expected calibration error and Brier scores for linear probing, concept-bottleneck models and zero-shot classification, including external datasets and repeated-seed uncertainty where applicable.	Report calibration with proper scoring or calibration-error metrics in each claimed evaluation setting.	Optional extension, not a recorded requirement: test the locked pipeline in an independent site, scanner or clinically shifted cohort.	Documented same-issue repair: The authors added expected calibration error and Brier scores for linear probing, concept-bottleneck models and zero-shot classification, including external datasets and repeated-seed uncertainty where applicable.	experiment-or-analysis-added	multi_setting_calibration_analysis|proper_scoring_reporting	The revised article or supplement incorporates the documented analysis, experiment, clarification or claim calibration identified in the response.	Interpretability does not replace calibration; report probability reliability separately for every prediction setting in which scores are used.	reviewer report p.2, Reviewer 1 major technical comment 2	author response pp.10-12, Reviewer 1 major technical comment 2	Imaging subcorpus: official article DOI matched; full official review PDF downloaded, hashed and text-extracted; concern and same-issue response manually audited.
TPR020	A visual–omics foundation model to bridge histopathology with spatial transcriptomics	Nature Methods	2025-05-29	10.1038/s41592-025-02707-1	2-major-specialist	Major Nature methods journal; selected for measurement or computational-method relevance and an official full peer-review file.	2025 JIF 28.3; official Nature Portfolio metrics: https://www.nature.com/nature-portfolio/about-journals/journal-metrics (checked 2026-08-22).	imaging-mechanism	H&E|spatial transcriptomics|single-cell references	Loki is a visual–omics foundation model for aligning histology with spatial transcriptomics, decomposing cell types, retrieving tissue and predicting expression.	https://www.nature.com/articles/s41592-025-02707-1	https://static-content.springer.com/esm/art%3A10.1038%2Fs41592-025-02707-1/MediaObjects/41592_2025_2707_MOESM3_ESM.pdf	official transparent peer-review PDF: reviewer reports and author response; decision letters where included	NR:round labels not consistently recoverable	3	9af838c4f903d9431dccdb4e88af4a81b5987ca017424ddfdb1e90ca2c3c6f73	57	152804	full-PDF download; SHA-256; pypdf page text extraction; regex anchors	VERIFIED_TEXT	NO_NOTICE_SIGNAL_FOUND as screened 2026-08-22: No targeted post-publication notice signal was found in the checked official page/status metadata and linked correction records as of the checked date; this one-time screen does not establish absence of undisclosed or future concerns.	MULTISCALE_ALIGNMENT;COMPARATOR_FAIRNESS;ROBUSTNESS_OOD;ABLATION_COMPONENT;REPRODUCIBILITY_OPENNESS	1.0.0	MULTIOMICS_ALIGNMENT_ANNOTATION;COMPARATOR_CONTROL_ABLATION;EXTERNAL_VALIDATION_ROBUSTNESS;REPRODUCIBILITY_OPENNESS	Reviewer 1 asked whether OmiCLIP's ranked-gene sentences were robust to the large sequencing-depth differences across spatial-transcriptomics technologies.	manuscript-grounded-defect	Cross-modal or cell-level interpretation requires traceable matched units, defensible annotation or alignment, and evidence for the claimed bridge.	The authors described the standardized gene-ranking pipeline and downsampled high-, medium- and low-depth spatial-transcriptomics data, comparing embedding similarity across depth transitions with PLIP and OpenAI CLIP baselines.	Define transcriptomic preprocessing and test the paired image–transcriptome embedding after controlled sequencing-depth downsampling.	Optional extension, not a recorded requirement: validate both the imaging phenotype and the biological bridge in an independent matched cohort or perturbation model.	Documented same-issue repair: The authors described the standardized gene-ranking pipeline and downsampled high-, medium- and low-depth spatial-transcriptomics data, comparing embedding similarity across depth transitions with PLIP and OpenAI CLIP baselines.	experiment-or-analysis-added	sequencing_depth_stress_test|cross_modal_embedding_robustness	The revised article or supplement incorporates the documented analysis, experiment, clarification or claim calibration identified in the response.	A visual–omics alignment claim must survive controlled library-depth perturbation; preprocessing descriptions alone do not establish depth robustness.	reviewer report p.3, Reviewer 1 major comment 2	author response pp.14-15, Reviewer 1 question 2	Imaging subcorpus: official article DOI matched; full official review PDF downloaded, hashed and text-extracted; concern and same-issue response manually audited.
TPR021	Explainable multimodal deep learning for predicting thyroid cancer lateral lymph node metastasis using ultrasound imaging	Nature Communications	2025-08-01	10.1038/s41467-025-62042-z	3-high-impact-fallback	High-impact Nature Portfolio multidisciplinary journal; admitted only with topic relevance and an official full peer-review file.	2025 JIF 18.1; official Nature Portfolio metrics: https://www.nature.com/nature-portfolio/about-journals/journal-metrics (checked 2026-08-22).	radiomics	thyroid ultrasound|radiology reports|pathology|clinical variables	LLNM-Net fuses ultrasound-derived morphology and location with reports and demographics to predict lateral lymph-node metastasis and produce a risk-stratification workflow.	https://www.nature.com/articles/s41467-025-62042-z	https://static-content.springer.com/esm/art%3A10.1038%2Fs41467-025-62042-z/MediaObjects/41467_2025_62042_MOESM2_ESM.pdf	official transparent peer-review PDF: reviewer reports and author response; decision letters where included	NR:round labels not consistently recoverable	2	519e8db7003f32ebc78a4e5b1ba223602904e77bac9d11f997f713a024972911	20	38576	full-PDF download; SHA-256; pypdf page text extraction; regex anchors	VERIFIED_TEXT	NO_NOTICE_SIGNAL_FOUND as screened 2026-08-22: No targeted post-publication notice signal was found in the checked official page/status metadata and linked correction records as of the checked date; this one-time screen does not establish absence of undisclosed or future concerns.	COMPARATOR_FAIRNESS;ABLATION_COMPONENT;EXTERNAL_VALIDATION	1.0.0	COMPARATOR_CONTROL_ABLATION;EXTERNAL_VALIDATION_ROBUSTNESS	Reviewer 1 found that the study lacked a thorough comparison with established metastasis-prediction baselines, limiting interpretation of LLNM-Net's claimed advantage.	manuscript-grounded-defect	Incremental value must be separated from simpler baselines, controls and component or modality effects under matched, fair comparisons.	The authors added comparisons with newer AI baselines in Supplementary Table S7 and stated that all methods used the same preprocessing and model-tuning procedures.	Benchmark LLNM-Net against current established alternatives under the same preprocessing and tuning conditions and report comparable performance metrics.	Optional extension, not a recorded requirement: repeat feature robustness and external transport testing under a locked radiomics specification.	Documented same-issue repair: The authors added comparisons with newer AI baselines in Supplementary Table S7 and stated that all methods used the same preprocessing and model-tuning procedures.	analysis-or-evidence-added	current_baseline_benchmarking|matched_preprocessing_and_tuning	The revised article or supplement incorporates the documented analysis, experiment, clarification or claim calibration identified in the response.	Before claiming superiority for a radiomic or multimodal risk model, compare it with current established baselines under matched preprocessing, tuning and evaluation metrics.	reviewer report p.1, Reviewer 1 Comment 1	author response pp.4-5, Reviewer 1 Comment 1	Imaging subcorpus: official article DOI matched; full official review PDF downloaded, hashed and text-extracted; concern and same-issue response manually audited.
TPR022	A clinically accessible small multimodal radiology model and evaluation metric for chest X-ray findings	Nature Communications	2025-04-01	10.1038/s41467-025-58344-x	3-high-impact-fallback	High-impact Nature Portfolio multidisciplinary journal; admitted only with topic relevance and an official full peer-review file.	2025 JIF 18.1; official Nature Portfolio metrics: https://www.nature.com/nature-portfolio/about-journals/journal-metrics (checked 2026-08-22).	imaging-ai	chest radiography|radiology reports|LLM-generated labels	LLaVA-Rad is a lightweight chest-X-ray multimodal model paired with CheXprompt, an automated granular report-evaluation metric.	https://www.nature.com/articles/s41467-025-58344-x	https://static-content.springer.com/esm/art%3A10.1038%2Fs41467-025-58344-x/MediaObjects/41467_2025_58344_MOESM3_ESM.pdf	official transparent peer-review PDF: reviewer reports and author response; decision letters where included	NR:round labels not consistently recoverable	4	abbca1ea3132800f99a617f27a68eecaa051f9402026d92c694afeca2a452605	31	66762	full-PDF download; SHA-256; pypdf page text extraction; regex anchors	VERIFIED_TEXT	NO_NOTICE_SIGNAL_FOUND as screened 2026-08-22: No targeted post-publication notice signal was found in the checked official page/status metadata and linked correction records as of the checked date; this one-time screen does not establish absence of undisclosed or future concerns.	EXTERNAL_VALIDATION;LABEL_REFERENCE_STANDARD;ABLATION_COMPONENT;COMPARATOR_FAIRNESS;FAILURE_ANALYSIS	1.0.0	EXTERNAL_VALIDATION_ROBUSTNESS;COHORT_LABEL_UNIT_LEAKAGE;COMPARATOR_CONTROL_ABLATION	Reviewer 1 asked how GPT-4 processing affected the correctness and bias of radiology training data used for translation, section extraction and synthetic reports.	manuscript-grounded-defect	Generalization and utility claims must match an explicitly shifted independent validation setting and expose robustness and failure boundaries.	The authors kept primary evaluation on rule-based sections, added ablations of GPT-processed training data, and compared processed or synthetic reports with available originals using lexical, factual and error metrics.	Separate evaluation from GPT-processed data and directly assess GPT-processed reports against available rule-based or original reports.	Optional extension, not a recorded requirement: test the locked pipeline in an independent site, scanner or clinically shifted cohort.	Documented same-issue repair: The authors kept primary evaluation on rule-based sections, added ablations of GPT-processed training data, and compared processed or synthetic reports with available originals using lexical, factual and error metrics.	experiment-or-analysis-added	llm_data_provenance_audit|independent_evaluation_path	The revised article or supplement incorporates the documented analysis, experiment, clarification or claim calibration identified in the response.	When an LLM transforms training labels or reports, keep the test reference independent of that transformation and quantify transformation errors against available originals.	reviewer report p.1, Reviewer 1 comment 2	author response pp.8-9, R1C2	Imaging subcorpus: official article DOI matched; full official review PDF downloaded, hashed and text-extracted; concern and same-issue response manually audited.
TPR023	AI-Based screening for thoracic aortic aneurysms in routine breast MRI	Nature Communications	2025-06-12	10.1038/s41467-025-59694-2	3-high-impact-fallback	High-impact Nature Portfolio multidisciplinary journal; admitted only with topic relevance and an official full peer-review file.	2025 JIF 18.1; official Nature Portfolio metrics: https://www.nature.com/nature-portfolio/about-journals/journal-metrics (checked 2026-08-22).	imaging-ai	breast MRI|aortic measurement|radiologist reference standard	The study opportunistically screens thoracic aortic aneurysm from routine breast MRI and validates automated aortic measurements across sites and contrast phases.	https://www.nature.com/articles/s41467-025-59694-2	https://static-content.springer.com/esm/art%3A10.1038%2Fs41467-025-59694-2/MediaObjects/41467_2025_59694_MOESM2_ESM.pdf	official transparent peer-review PDF: reviewer reports and author response; decision letters where included	NR:round labels not consistently recoverable	4	82cd7c76c8a38d321536d64594fba8538f81f3c902def280eaef7858c5fa5c2c	40	104205	full-PDF download; SHA-256; pypdf page text extraction; regex anchors	VERIFIED_TEXT	NO_NOTICE_SIGNAL_FOUND as screened 2026-08-22: No targeted post-publication notice signal was found in the checked official page/status metadata and linked correction records as of the checked date; this one-time screen does not establish absence of undisclosed or future concerns.	LABEL_REFERENCE_STANDARD;EXTERNAL_VALIDATION;ROBUSTNESS_OOD;STATISTICAL_INFERENCE;CLINICAL_WORKFLOW_UTILITY	1.0.0	COHORT_LABEL_UNIT_LEAKAGE;EXTERNAL_VALIDATION_ROBUSTNESS;STATISTICAL_INFERENCE_CONFOUNDING;CLINICAL_ETHICS_FEASIBILITY	The reviewer found the expertise, training and supervision used to create thoracic-aorta segmentation ground truth insufficiently specified.	clarification-needed	The claimed effect must use valid labels and the correct independent unit, with cohort provenance and leakage-safe separation exposed.	The authors specified that supervised medical students produced training annotations, board-certified radiologists performed evaluation, and two radiologists independently validated all external-test segmentations and more than 1,000 diameter measurements.	Report annotator roles, expertise, segmentation guidance and how expert supervision or validation was performed.	Optional extension, not a recorded requirement: test the locked pipeline in an independent site, scanner or clinically shifted cohort.	Documented same-issue repair: The authors specified that supervised medical students produced training annotations, board-certified radiologists performed evaluation, and two radiologists independently validated all external-test segmentations and more than 1,000 diameter measurements.	analysis-or-evidence-added	annotation_provenance_disclosure|expert_blinded_validation	The revised article or supplement incorporates the documented analysis, experiment, clarification or claim calibration identified in the response.	For imaging ground truth, report who annotated, who supervised and who independently validated; a generic expert label is not reproducible provenance.	reviewer comment reproduced in author response p.10, R1.4	author response p.10, R1.4	Imaging subcorpus: official article DOI matched; full official review PDF downloaded, hashed and text-extracted; concern and same-issue response manually audited.
TPR024	A large model for non-invasive and personalized management of breast cancer from multiparametric MRI	Nature Communications	2025-04-17	10.1038/s41467-025-58798-z	3-high-impact-fallback	High-impact Nature Portfolio multidisciplinary journal; admitted only with topic relevance and an official full peer-review file.	2025 JIF 18.1; official Nature Portfolio metrics: https://www.nature.com/nature-portfolio/about-journals/journal-metrics (checked 2026-08-22).	imaging-ai	multiparametric breast MRI|molecular subtype|treatment response	MOME integrates DCE-MRI, T2-weighted and diffusion imaging for malignancy, molecular subtype and neoadjuvant-treatment response prediction.	https://www.nature.com/articles/s41467-025-58798-z	https://static-content.springer.com/esm/art%3A10.1038%2Fs41467-025-58798-z/MediaObjects/41467_2025_58798_MOESM2_ESM.pdf	official transparent peer-review PDF: reviewer reports and author response; decision letters where included	NR:round labels not consistently recoverable	2	e5405965057c600f9d2811d5f2be4e9d7b8766266ad1d35cd0b32c2275730fbd	14	28517	full-PDF download; SHA-256; pypdf page text extraction; regex anchors	VERIFIED_TEXT	NO_NOTICE_SIGNAL_FOUND as screened 2026-08-22: No targeted post-publication notice signal was found in the checked official page/status metadata and linked correction records as of the checked date; this one-time screen does not establish absence of undisclosed or future concerns.	COMPARATOR_FAIRNESS;STATISTICAL_INFERENCE;INTERPRETABILITY_MECHANISM;EXTERNAL_VALIDATION;CLAIM_CALIBRATION	1.0.0	COMPARATOR_CONTROL_ABLATION;STATISTICAL_INFERENCE_CONFOUNDING;INTERPRETABILITY_ALTERNATIVES;EXTERNAL_VALIDATION_ROBUSTNESS;CONTRIBUTION_CLAIM_CALIBRATION	Reviewer 1 found no convincing evidence that MOME significantly improved on existing methods because most uncertainty intervals overlapped.	manuscript-grounded-defect	Incremental value must be separated from simpler baselines, controls and component or modality effects under matched, fair comparisons.	The authors pooled the two prespecified test sets for a 1,042-case comparison and added model-wise AUROC and AUPRC contrasts with 95% confidence intervals and significance results.	Use a matched comparison with uncertainty and formal model contrasts before claiming superiority.	Optional extension, not a recorded requirement: test the locked pipeline in an independent site, scanner or clinically shifted cohort.	Documented same-issue repair: The authors pooled the two prespecified test sets for a 1,042-case comparison and added model-wise AUROC and AUPRC contrasts with 95% confidence intervals and significance results.	analysis-or-evidence-added	matched_model_contrast|uncertainty_aware_superiority_claim	The revised article or supplement incorporates the documented analysis, experiment, clarification or claim calibration identified in the response.	Do not infer superiority from point estimates whose uncertainty overlaps; report matched contrasts and scope the claim to the metrics and models actually separated.	reviewer report p.1, Reviewer 1 primary concern	author response p.4, Reviewer 1 primary concern	Imaging subcorpus: official article DOI matched; full official review PDF downloaded, hashed and text-extracted; concern and same-issue response manually audited.
TPR025	Self-supervised learning reveals clinically relevant histomorphological patterns for therapeutic strategies in colon cancer	Nature Communications	2025-03-08	10.1038/s41467-025-57541-y	3-high-impact-fallback	High-impact Nature Portfolio multidisciplinary journal; admitted only with topic relevance and an official full peer-review file.	2025 JIF 18.1; official Nature Portfolio metrics: https://www.nature.com/nature-portfolio/about-journals/journal-metrics (checked 2026-08-22).	digital-pathology	colon-cancer WSI|self-supervised clusters|treatment response	The study derives histomorphological phenotype clusters from colon-cancer whole slides and links them to survival, pathways and bevacizumab response.	https://www.nature.com/articles/s41467-025-57541-y	https://static-content.springer.com/esm/art%3A10.1038%2Fs41467-025-57541-y/MediaObjects/41467_2025_57541_MOESM3_ESM.pdf	official transparent peer-review PDF: reviewer reports and author response; decision letters where included	NR:round labels not consistently recoverable	3	088ac0b10bfafda8c062520a078428c1cd37db1f91693edc20eb0eccd585cdd0	27	62964	full-PDF download; SHA-256; pypdf page text extraction; regex anchors	VERIFIED_TEXT	NO_NOTICE_SIGNAL_FOUND as screened 2026-08-22: No targeted post-publication notice signal was found in the checked official page/status metadata and linked correction records as of the checked date; this one-time screen does not establish absence of undisclosed or future concerns.	LABEL_REFERENCE_STANDARD;INTERPRETABILITY_MECHANISM;MULTISCALE_ALIGNMENT;REPRODUCIBILITY_OPENNESS;CLAIM_CALIBRATION	1.0.0	COHORT_LABEL_UNIT_LEAKAGE;INTERPRETABILITY_ALTERNATIVES;MULTIOMICS_ALIGNMENT_ANNOTATION;REPRODUCIBILITY_OPENNESS;CONTRIBUTION_CLAIM_CALIBRATION	The reviewer requested a statistical test of whether the Barlow Twins redundancy constraint affected the number and clinical alignment of learned histomorphological clusters.	manuscript-grounded-defect	The claimed effect must use valid labels and the correct independent unit, with cohort provenance and leakage-safe separation exposed.	The authors retrained the model with two lower lambda values and repeated the analysis, observing fewer histomorphological clusters than with the original lambda setting.	Vary the redundancy weight, retrain the pipeline and measure whether the learned cluster structure changes.	Optional extension, not a recorded requirement: test slide-, laboratory- and population-shift robustness with patient-level separation.	Documented same-issue repair: The authors retrained the model with two lower lambda values and repeated the analysis, observing fewer histomorphological clusters than with the original lambda setting.	experiment-or-analysis-added	hyperparameter_sensitivity_retraining|cluster_structure_analysis	The revised article or supplement incorporates the documented analysis, experiment, clarification or claim calibration identified in the response.	If a representation-learning constraint is claimed to preserve biological heterogeneity, perturb that constraint and quantify how the learned phenotype structure changes.	reviewer report p.1, Reviewer 1 comment 3	author response p.7, reproduced comment 4	Imaging subcorpus: official article DOI matched; full official review PDF downloaded, hashed and text-extracted; concern and same-issue response manually audited.
TPR026	Large-scale generative tumor synthesis in computed tomography images for improving tumor recognition	Nature Communications	2025-12-11	10.1038/s41467-025-66071-6	3-high-impact-fallback	High-impact Nature Portfolio multidisciplinary journal; admitted only with topic relevance and an official full peer-review file.	2025 JIF 18.1; official Nature Portfolio metrics: https://www.nature.com/nature-portfolio/about-journals/journal-metrics (checked 2026-08-22).	imaging-ai	multi-organ CT|synthetic tumors|segmentation	DiffTumor synthesizes tumors at scale in CT and evaluates whether generated lesions improve downstream tumor recognition and segmentation.	https://www.nature.com/articles/s41467-025-66071-6	https://static-content.springer.com/esm/art%3A10.1038%2Fs41467-025-66071-6/MediaObjects/41467_2025_66071_MOESM3_ESM.pdf	official transparent peer-review PDF: reviewer reports and author response; decision letters where included	NR:round labels not consistently recoverable	2	40bf9996d8cba887ccbf18a5157208bcd7977fe0dbc712cc1e25604b2999aac8	35	113384	full-PDF download; SHA-256; pypdf page text extraction; regex anchors	VERIFIED_TEXT	NO_NOTICE_SIGNAL_FOUND as screened 2026-08-22: No targeted post-publication notice signal was found in the checked official page/status metadata and linked correction records as of the checked date; this one-time screen does not establish absence of undisclosed or future concerns.	DATA_LEAKAGE_SPLIT;IMAGE_QUALITY_REALISM;COMPARATOR_FAIRNESS;EXTERNAL_VALIDATION;REPRODUCIBILITY_OPENNESS	1.0.0	COHORT_LABEL_UNIT_LEAKAGE;EXTERNAL_VALIDATION_ROBUSTNESS;COMPARATOR_CONTROL_ABLATION;REPRODUCIBILITY_OPENNESS	Reviewer 1 found the visual Turing test under-specified, including cropping, 2D versus 3D review, windowing, organ disclosure and selection of real and synthetic cases.	manuscript-grounded-defect	The claimed effect must use valid labels and the correct independent unit, with cohort provenance and leakage-safe separation exposed.	The authors specified whole-volume 3D presentation, organ disclosure, allowed windowing, real and synthetic case sources and synthesis procedure, and added FID, FVD and LPIPS assessments.	Disclose the complete reader-study presentation and case-selection protocol, and add a non-reader image-fidelity assessment.	Optional extension, not a recorded requirement: test the locked pipeline in an independent site, scanner or clinically shifted cohort.	Documented same-issue repair: The authors specified whole-volume 3D presentation, organ disclosure, allowed windowing, real and synthetic case sources and synthesis procedure, and added FID, FVD and LPIPS assessments.	analysis-or-evidence-added	reader_study_protocol_disclosure|complementary_fidelity_metrics	The revised article or supplement incorporates the documented analysis, experiment, clarification or claim calibration identified in the response.	A visual Turing test is interpretable only when case selection, viewing dimension, preprocessing, reader information and allowed controls are fully specified.	reviewer report p.1, Reviewer 1 comment 4	author response pp.7-8, Reviewer 1 comment 4	Imaging subcorpus: official article DOI matched; full official review PDF downloaded, hashed and text-extracted; concern and same-issue response manually audited.
TPR027	A multimodal knowledge-enhanced whole-slide pathology foundation model	Nature Communications	2025-12-12	10.1038/s41467-025-66220-x	3-high-impact-fallback	High-impact Nature Portfolio multidisciplinary journal; admitted only with topic relevance and an official full peer-review file.	2025 JIF 18.1; official Nature Portfolio metrics: https://www.nature.com/nature-portfolio/about-journals/journal-metrics (checked 2026-08-22).	digital-pathology	WSI|pathology reports|gene expression	A knowledge-enhanced whole-slide foundation model aligns pathology images with reports and gene expression for diverse diagnostic and prognostic tasks.	https://www.nature.com/articles/s41467-025-66220-x	https://static-content.springer.com/esm/art%3A10.1038%2Fs41467-025-66220-x/MediaObjects/41467_2025_66220_MOESM2_ESM.pdf	official transparent peer-review PDF: reviewer reports and author response; decision letters where included	NR:round labels not consistently recoverable	3	2d310341bed6842d353af6bef6cdaf0692449f5f9e96925c5e5fd742f1475191	15	31752	full-PDF download; SHA-256; pypdf page text extraction; regex anchors	VERIFIED_TEXT	NO_NOTICE_SIGNAL_FOUND as screened 2026-08-22: No targeted post-publication notice signal was found in the checked official page/status metadata and linked correction records as of the checked date; this one-time screen does not establish absence of undisclosed or future concerns.	NOVELTY_CONTRIBUTION;MULTISCALE_ALIGNMENT;ABLATION_COMPONENT;COMPARATOR_FAIRNESS;REPRODUCIBILITY_OPENNESS	1.0.0	CONTRIBUTION_CLAIM_CALIBRATION;MULTIOMICS_ALIGNMENT_ANNOTATION;COMPARATOR_CONTROL_ABLATION;REPRODUCIBILITY_OPENNESS	Reviewer 3 said the contribution of a third modality was entangled with a new two-stage pretraining scheme, preventing attribution of the small gain.	manuscript-grounded-defect	The stated contribution and every material claim must remain a defensible delta within the actual design, evidence, uncertainty and validated scope.	The authors mapped the modality comparison to the frozen-extractor aggregator stage and the encoder-update comparison to the second stage, and reported quantitative and feature-space evidence for each stage separately.	Use staged or factorial comparisons that separately identify the effect of modality addition and the effect of updating the image encoder.	Optional extension, not a recorded requirement: test slide-, laboratory- and population-shift robustness with patient-level separation.	Documented same-issue repair: The authors mapped the modality comparison to the frozen-extractor aggregator stage and the encoder-update comparison to the second stage, and reported quantitative and feature-space evidence for each stage separately.	analysis-or-evidence-added	staged_component_ablation|multimodal_attribution	The revised article or supplement incorporates the documented analysis, experiment, clarification or claim calibration identified in the response.	A multimodal gain is attributable only when modality count and training-scheme changes are varied separately; a bundled comparison cannot identify the source of improvement.	reviewer report p.2, Reviewer 3 entanglement concern	author response p.14, Reviewer 3 comment 2	Imaging subcorpus: official article DOI matched; full official review PDF downloaded, hashed and text-extracted; concern and same-issue response manually audited.
TPR028	A lung CT vision foundation model facilitating disease diagnosis and medical imaging	Nature Communications	2025-12-03	10.1038/s41467-025-66620-z	3-high-impact-fallback	High-impact Nature Portfolio multidisciplinary journal; admitted only with topic relevance and an official full peer-review file.	2025 JIF 18.1; official Nature Portfolio metrics: https://www.nature.com/nature-portfolio/about-journals/journal-metrics (checked 2026-08-22).	imaging-ai	lung CT|vision foundation model|segmentation and reconstruction	LCTfound is a lung-CT foundation model evaluated for diagnosis, segmentation, generation, sparse-view reconstruction and transfer.	https://www.nature.com/articles/s41467-025-66620-z	https://static-content.springer.com/esm/art%3A10.1038%2Fs41467-025-66620-z/MediaObjects/41467_2025_66620_MOESM2_ESM.pdf	official transparent peer-review PDF: reviewer reports and author response; decision letters where included	NR:round labels not consistently recoverable	4	42d733053237eb47bdfd7e2e2f26bc24cb054bf8ee57869cb14e751f1ddf27a7	70	168566	full-PDF download; SHA-256; pypdf page text extraction; regex anchors	VERIFIED_TEXT	NO_NOTICE_SIGNAL_FOUND as screened 2026-08-22: No targeted post-publication notice signal was found in the checked official page/status metadata and linked correction records as of the checked date; this one-time screen does not establish absence of undisclosed or future concerns.	REPRODUCIBILITY_OPENNESS;EXTERNAL_VALIDATION;COMPARATOR_FAIRNESS;STATISTICAL_INFERENCE;ROBUSTNESS_OOD;CLAIM_CALIBRATION	1.0.0	REPRODUCIBILITY_OPENNESS;EXTERNAL_VALIDATION_ROBUSTNESS;COMPARATOR_CONTROL_ABLATION;STATISTICAL_INFERENCE_CONFOUNDING;CONTRIBUTION_CLAIM_CALIBRATION	Reviewer 1 found the exclusion of more than 300,000 lung CT studies insufficiently defined, especially the image-quality and diagnosis filters.	clarification-needed	The cohort, split, assay, model and analysis must be reconstructable from versioned methods and accessible artifacts or explicit restrictions.	The authors provided a staged flow from 485,885 scans to 105,184 scans, including report availability, an NLP confidence threshold above 0.9, file-corruption checks, an edge-ratio screen and manual review of noisy candidates.	Report each exclusion stage, the diagnostic confidence threshold and the image-quality rule used to remove scans.	Optional extension, not a recorded requirement: test the locked pipeline in an independent site, scanner or clinically shifted cohort.	Documented same-issue repair: The authors provided a staged flow from 485,885 scans to 105,184 scans, including report availability, an NLP confidence threshold above 0.9, file-corruption checks, an edge-ratio screen and manual review of noisy candidates.	analysis-or-evidence-added	cohort_flow_accounting|quality_filter_specification	The revised article or supplement incorporates the documented analysis, experiment, clarification or claim calibration identified in the response.	Large-scale imaging pretraining requires an auditable cohort flow with numeric losses and operational exclusion thresholds at every filtering stage.	reviewer report p.1, Reviewer 1 comment 1	author response pp.6-7, Reviewer 1 comment 1	Imaging subcorpus: official article DOI matched; full official review PDF downloaded, hashed and text-extracted; concern and same-issue response manually audited.
TPR029	Adaptive compression framework for giga-pixel whole slide images	Nature Communications	2025-12-03	10.1038/s41467-025-66889-0	3-high-impact-fallback	High-impact Nature Portfolio multidisciplinary journal; admitted only with topic relevance and an official full peer-review file.	2025 JIF 18.1; official Nature Portfolio metrics: https://www.nature.com/nature-portfolio/about-journals/journal-metrics (checked 2026-08-22).	digital-pathology	giga-pixel WSI|adaptive compression|downstream classification	AdaSlide allocates compression adaptively across whole-slide regions to reduce WSI size while aiming to preserve diagnostic information.	https://www.nature.com/articles/s41467-025-66889-0	https://static-content.springer.com/esm/art%3A10.1038%2Fs41467-025-66889-0/MediaObjects/41467_2025_66889_MOESM3_ESM.pdf	official transparent peer-review PDF: reviewer reports and author response; decision letters where included	NR:round labels not consistently recoverable	3	8bd3cdb431ced0692a4de606098adf962fd761e240fead3886fce175b88b9e06	99	122183	full-PDF download; SHA-256; pypdf page text extraction; regex anchors	VERIFIED_TEXT	NO_NOTICE_SIGNAL_FOUND as screened 2026-08-22: No targeted post-publication notice signal was found in the checked official page/status metadata and linked correction records as of the checked date; this one-time screen does not establish absence of undisclosed or future concerns.	IMAGE_QUALITY_REALISM;ROBUSTNESS_OOD;CLINICAL_WORKFLOW_UTILITY;ABLATION_COMPONENT;REPRODUCIBILITY_OPENNESS	1.0.0	EXTERNAL_VALIDATION_ROBUSTNESS;CLINICAL_ETHICS_FEASIBILITY;COMPARATOR_CONTROL_ABLATION;REPRODUCIBILITY_OPENNESS	The reviewer warned that labeling WSI regions clinically informative or uninformative was task-dependent and insufficiently defined.	clarification-needed	Generalization and utility claims must match an explicitly shifted independent validation setting and expose robustness and failure boundaries.	The authors acknowledged that information disequilibrium was not a formal universal concept, redefined importance relative to a diagnostic task, and limited the current reward to cell-rich tumor-related regions while stating that other tasks require a different reward.	Define the diagnostic task and observable proxy that determine region importance, and acknowledge that the definition changes with the task.	Optional extension, not a recorded requirement: test slide-, laboratory- and population-shift robustness with patient-level separation.	Documented same-issue repair: The authors acknowledged that information disequilibrium was not a formal universal concept, redefined importance relative to a diagnostic task, and limited the current reward to cell-rich tumor-related regions while stating that other tasks require a different reward.	text-or-claim-revised	task_conditioned_definition|claim_boundary_revision	The revised article or supplement incorporates the documented analysis, experiment, clarification or claim calibration identified in the response.	Do not call image regions clinically uninformative without specifying the task, proxy and failure boundary; relevance is conditional on the diagnostic objective.	reviewer report p.1, Reviewer 1 validity concern	author response pp.6-7, Reviewer 1 comment 1	Imaging subcorpus: official article DOI matched; full official review PDF downloaded, hashed and text-extracted; concern and same-issue response manually audited.
TPR030	Generating crossmodal gene expression from cancer histopathology improves multimodal AI predictions	Nature Communications	2025-12-31	10.1038/s41467-025-66961-9	3-high-impact-fallback	High-impact Nature Portfolio multidisciplinary journal; admitted only with topic relevance and an official full peer-review file.	2025 JIF 18.1; official Nature Portfolio metrics: https://www.nature.com/nature-portfolio/about-journals/journal-metrics (checked 2026-08-22).	imaging-mechanism	cancer WSI|synthetic gene expression|survival	PathGen synthesizes transcriptomic features from cancer histology and combines them with WSI representations for grading and survival prediction.	https://www.nature.com/articles/s41467-025-66961-9	https://static-content.springer.com/esm/art%3A10.1038%2Fs41467-025-66961-9/MediaObjects/41467_2025_66961_MOESM2_ESM.pdf	official transparent peer-review PDF: reviewer reports and author response; decision letters where included	NR:round labels not consistently recoverable	3	d6054fd717ebdba18e8e400e7eedfc3c89dcfd4dc017cd3af5a55e5b0dbf5f85	15	51716	full-PDF download; SHA-256; pypdf page text extraction; regex anchors	VERIFIED_TEXT	NO_NOTICE_SIGNAL_FOUND as screened 2026-08-22: No targeted post-publication notice signal was found in the checked official page/status metadata and linked correction records as of the checked date; this one-time screen does not establish absence of undisclosed or future concerns.	EXTERNAL_VALIDATION;ROBUSTNESS_OOD;COHORT_REPRESENTATIVENESS	1.0.0	EXTERNAL_VALIDATION_ROBUSTNESS;COHORT_LABEL_UNIT_LEAKAGE	Reviewer 1 identified the absence of any independent cohort outside TCGA as a major limitation on PathGen's generalizability.	manuscript-grounded-defect	Generalization and utility claims must match an explicitly shifted independent validation setting and expose robustness and failure boundaries.	The authors added two CPTAC cohorts as external tests, evaluating models trained on TCGA directly on CPTAC without retraining, and also reported two additional TCGA cohorts.	Train on the development TCGA cohorts and evaluate without retraining on independent non-TCGA cohorts that represent a dataset shift.	Optional extension, not a recorded requirement: validate both the imaging phenotype and the biological bridge in an independent matched cohort or perturbation model.	Documented same-issue repair: The authors added two CPTAC cohorts as external tests, evaluating models trained on TCGA directly on CPTAC without retraining, and also reported two additional TCGA cohorts.	analysis-or-evidence-added	independent_external_cohort|no_retraining_transport_test	The revised article or supplement incorporates the documented analysis, experiment, clarification or claim calibration identified in the response.	A cross-modal generator's transport claim requires evaluation on an independent non-development cohort without retraining; additional cohorts from the same source do not substitute for that test.	reviewer report p.1, Reviewer 1, major concern 1	author response p.5, Reviewer 1, major concern 1	Imaging subcorpus: official article DOI matched; full official review PDF downloaded, hashed and text-extracted; concern and same-issue response manually audited.
TPR031	Automated MRI system for clinically significant prostate cancer detection development validation and real-world implementation	Nature Communications	2025-11-23	10.1038/s41467-025-66593-z	3-high-impact-fallback	High-impact Nature Portfolio multidisciplinary journal; admitted only with topic relevance and an official full peer-review file.	2025 JIF 18.1; official Nature Portfolio metrics: https://www.nature.com/nature-portfolio/about-journals/journal-metrics (checked 2026-08-22).	imaging-ai	prostate MRI|radiologist reader study|PACS integration	ProAI detects clinically significant prostate cancer from MRI and is evaluated in multicenter development, a multi-reader study and real-world workflow integration.	https://www.nature.com/articles/s41467-025-66593-z	https://static-content.springer.com/esm/art%3A10.1038%2Fs41467-025-66593-z/MediaObjects/41467_2025_66593_MOESM5_ESM.pdf	official transparent peer-review PDF: reviewer reports and author response; decision letters where included	NR:round labels not consistently recoverable	5	1cea72e638ebafcd05524b922bf45c9760f21caa7536db9f14648ab59f9a6ace	117	205016	full-PDF download; SHA-256; pypdf page text extraction; regex anchors	VERIFIED_TEXT	NO_NOTICE_SIGNAL_FOUND as screened 2026-08-22: No targeted post-publication notice signal was found in the checked official page/status metadata and linked correction records as of the checked date; this one-time screen does not establish absence of undisclosed or future concerns.	CLINICAL_WORKFLOW_UTILITY;DATA_LEAKAGE_SPLIT;LABEL_REFERENCE_STANDARD;CLAIM_CALIBRATION;REPRODUCIBILITY_OPENNESS	1.0.0	CLINICAL_ETHICS_FEASIBILITY;COHORT_LABEL_UNIT_LEAKAGE;CONTRIBUTION_CLAIM_CALIBRATION;REPRODUCIBILITY_OPENNESS	Reviewer 1 noted that the claimed reader-time saving excluded an 88-second backend processing interval that could exceed unaided interpretation time.	clarification-needed	The claimed use must be tested at its intended decision point with workflow, burden, risk, privacy and feasibility boundaries visible.	The authors separated 48.7-second assisted interpretation from backend processing, reported 35–45-second deployment latency on the clinical server, and explained that processing begins after acquisition in parallel with the reading queue.	Separate clinician interpretation time from end-to-end system latency and describe how inference is scheduled in the clinical workflow.	Optional extension, not a recorded requirement: test the locked pipeline in an independent site, scanner or clinically shifted cohort.	Documented same-issue repair: The authors separated 48.7-second assisted interpretation from backend processing, reported 35–45-second deployment latency on the clinical server, and explained that processing begins after acquisition in parallel with the reading queue.	text-or-claim-revised	latency_decomposition|workflow_timing_disclosure	The revised article or supplement incorporates the documented analysis, experiment, clarification or claim calibration identified in the response.	Clinical efficiency claims must separate human reading time, data transfer, preprocessing and inference, and state whether AI latency is serial or parallel to workflow.	reviewer report p.1, Reviewer 1 comment 1	author response pp.6-9, Reviewer 1 comment 1	Imaging subcorpus: official article DOI matched; full official review PDF downloaded, hashed and text-extracted; concern and same-issue response manually audited.
TPR032	Reducing bulky medical images via shape-texture decoupled deep neural networks	Nature Communications	2026-01-15	10.1038/s41467-026-68292-9	3-high-impact-fallback	High-impact Nature Portfolio multidisciplinary journal; admitted only with topic relevance and an official full peer-review file.	2025 JIF 18.1; official Nature Portfolio metrics: https://www.nature.com/nature-portfolio/about-journals/journal-metrics (checked 2026-08-22).	imaging-ai	CT and MRI|shape-texture compression|registration	DeepSTD separates anatomical shape from texture to compress large 3D medical images across CT and MRI while preserving reconstruction and task performance.	https://www.nature.com/articles/s41467-026-68292-9	https://static-content.springer.com/esm/art%3A10.1038%2Fs41467-026-68292-9/MediaObjects/41467_2026_68292_MOESM3_ESM.pdf	official transparent peer-review PDF: reviewer reports and author response; decision letters where included	NR:round labels not consistently recoverable	3	90d85d7fad664b9ca47442b129db1020a7b2940c24a775a206fb4634f8b5bb35	31	79706	full-PDF download; SHA-256; pypdf page text extraction; regex anchors	VERIFIED_TEXT	NO_NOTICE_SIGNAL_FOUND as screened 2026-08-22: No targeted post-publication notice signal was found in the checked official page/status metadata and linked correction records as of the checked date; this one-time screen does not establish absence of undisclosed or future concerns.	ROBUSTNESS_OOD;ABLATION_COMPONENT;REPRODUCIBILITY_OPENNESS;IMAGE_QUALITY_REALISM;REPORTING_CLARITY	1.0.0	EXTERNAL_VALIDATION_ROBUSTNESS;COMPARATOR_CONTROL_ABLATION;REPRODUCIBILITY_OPENNESS;CONTRIBUTION_CLAIM_CALIBRATION	Reviewer 3 found that choosing the widest-range scan as the compression template lacked a sensitivity analysis against random or average templates.	manuscript-grounded-defect	Generalization and utility claims must match an explicitly shifted independent validation setting and expose robustness and failure boundaries.	The authors compared widest-range, random and rigidly averaged templates at 128-fold compression on AMOS MRI and reported SSIM, DSC and HD95, with the default outperforming both alternatives.	Compare the default template with plausible alternatives at a fixed compression ratio using fidelity and anatomical metrics.	Optional extension, not a recorded requirement: test the locked pipeline in an independent site, scanner or clinically shifted cohort.	Documented same-issue repair: The authors compared widest-range, random and rigidly averaged templates at 128-fold compression on AMOS MRI and reported SSIM, DSC and HD95, with the default outperforming both alternatives.	experiment-or-analysis-added	template_choice_ablation|fixed_compression_comparison	The revised article or supplement incorporates the documented analysis, experiment, clarification or claim calibration identified in the response.	When a template is central to an imaging pipeline, test plausible template choices at a fixed operating point; template selection cannot remain an undocumented preprocessing preference.	reviewer report p.3, Reviewer 3 major comment 2	author response pp.21-22, Reviewer 3 comment 2	Imaging subcorpus: official article DOI matched; full official review PDF downloaded, hashed and text-extracted; concern and same-issue response manually audited.
TPR033	Multi-modal AI for opportunistic screening, staging and progression risk stratification of steatotic liver disease	Nature Communications	2026-02-11	10.1038/s41467-026-68414-3	3-high-impact-fallback	High-impact Nature Portfolio multidisciplinary journal; admitted only with topic relevance and an official full peer-review file.	2025 JIF 18.1; official Nature Portfolio metrics: https://www.nature.com/nature-portfolio/about-journals/journal-metrics (checked 2026-08-22).	imaging-ai	CT|clinical laboratory data|steatosis and fibrosis	MAOSS combines CT images, quantitative CT markers and clinical data for opportunistic screening, staging and progression-risk stratification of steatotic liver disease.	https://www.nature.com/articles/s41467-026-68414-3	https://static-content.springer.com/esm/art%3A10.1038%2Fs41467-026-68414-3/MediaObjects/41467_2026_68414_MOESM3_ESM.pdf	official transparent peer-review PDF: reviewer reports and author response; decision letters where included	NR:round labels not consistently recoverable	3	d13f125a1aaa9560f333c7d4c49f9b5be4cafbde5795767b7a9f47fb260e093d	69	111214	full-PDF download; SHA-256; pypdf page text extraction; regex anchors	VERIFIED_TEXT	NO_NOTICE_SIGNAL_FOUND as screened 2026-08-22: No targeted post-publication notice signal was found in the checked official page/status metadata and linked correction records as of the checked date; this one-time screen does not establish absence of undisclosed or future concerns.	LABEL_REFERENCE_STANDARD;EXTERNAL_VALIDATION;MISSING_DATA_CONFOUNDING;ROBUSTNESS_OOD;STATISTICAL_INFERENCE	1.0.0	COHORT_LABEL_UNIT_LEAKAGE;EXTERNAL_VALIDATION_ROBUSTNESS;STATISTICAL_INFERENCE_CONFOUNDING	The reviewer noted that MR-PDFF, rather than biopsy alone, is the preferred reference standard for liver-fat quantification.	clarification-needed	The claimed effect must use valid labels and the correct independent unit, with cohort provenance and leakage-safe separation exposed.	The authors agreed with the reference-standard distinction and reported an internal MR-PDFF validation cohort of 375 patients with the distribution of liver-fat fractions and its higher-risk clinical context.	Validate the steatosis endpoint against MR-PDFF and state how that cohort differs from patients with isolated simple steatosis.	Optional extension, not a recorded requirement: test the locked pipeline in an independent site, scanner or clinically shifted cohort.	Documented same-issue repair: The authors agreed with the reference-standard distinction and reported an internal MR-PDFF validation cohort of 375 patients with the distribution of liver-fat fractions and its higher-risk clinical context.	analysis-or-evidence-added	reference_standard_alignment|validation_cohort_context	The revised article or supplement incorporates the documented analysis, experiment, clarification or claim calibration identified in the response.	Match each imaging endpoint to its accepted reference standard and describe the clinical spectrum of the reference-standard cohort before generalizing performance.	reviewer report p.1, Reviewer 1 comment 5	author response p.12, Reviewer 1 comment 5	Imaging subcorpus: official article DOI matched; full official review PDF downloaded, hashed and text-extracted; concern and same-issue response manually audited.
TPR034	Explainable AI-based analysis of human pancreas sections identifies traits of type 2 diabetes	Nature Communications	2026-02-09	10.1038/s41467-026-69295-2	3-high-impact-fallback	High-impact Nature Portfolio multidisciplinary journal; admitted only with topic relevance and an official full peer-review file.	2025 JIF 18.1; official Nature Portfolio metrics: https://www.nature.com/nature-portfolio/about-journals/journal-metrics (checked 2026-08-22).	digital-pathology	pancreatic histology|multiple stains|explainable AI	An explainable pathology model analyzes human pancreatic sections to discover histologic features associated with type 2 diabetes.	https://www.nature.com/articles/s41467-026-69295-2	https://static-content.springer.com/esm/art%3A10.1038%2Fs41467-026-69295-2/MediaObjects/41467_2026_69295_MOESM3_ESM.pdf	official transparent peer-review PDF: reviewer reports and author response; decision letters where included	NR:round labels not consistently recoverable	5	1fe92d4687a9bbe3df21802848ec6a6e95506ec69db0492b5b7c05ffe2eca1ac	20	61511	full-PDF download; SHA-256; pypdf page text extraction; regex anchors	VERIFIED_TEXT	NO_NOTICE_SIGNAL_FOUND as screened 2026-08-22: No targeted post-publication notice signal was found in the checked official page/status metadata and linked correction records as of the checked date; this one-time screen does not establish absence of undisclosed or future concerns.	INTERPRETABILITY_MECHANISM;LABEL_REFERENCE_STANDARD;STATISTICAL_INFERENCE;REPORTING_CLARITY;CLAIM_CALIBRATION	1.0.0	INTERPRETABILITY_ALTERNATIVES;COHORT_LABEL_UNIT_LEAKAGE;STATISTICAL_INFERENCE_CONFOUNDING;CONTRIBUTION_CLAIM_CALIBRATION	The reviewer said that high attention to DAPI or tubulin beta 3 did not by itself explain the biological significance of those signals.	clarification-needed	Attribution requires a stable link to the measured object and explicit tests of credible technical or biological alternative explanations.	The authors clarified that raw attention indicates model importance but not biological reason, used class-specific relevance filtering, and converted the tubulin beta 3 observation into a quantified islet-intensity feature.	Distinguish attention from class-specific attribution and trace an attended signal to a computable histologic feature rather than treating the map as a biomarker.	Optional extension, not a recorded requirement: test slide-, laboratory- and population-shift robustness with patient-level separation.	Documented same-issue repair: The authors clarified that raw attention indicates model importance but not biological reason, used class-specific relevance filtering, and converted the tubulin beta 3 observation into a quantified islet-intensity feature.	text-or-claim-revised	attention_attribution_distinction|computable_biomarker_derivation	The revised article or supplement incorporates the documented analysis, experiment, clarification or claim calibration identified in the response.	An attention map is a hypothesis generator, not a biomarker; connect it to a class-specific attribution and a reproducible quantitative tissue feature.	reviewer comment reproduced in author response p.5, Reviewer 1 question 2	author response pp.5-6, Reviewer 1 question 2	Imaging subcorpus: official article DOI matched; full official review PDF downloaded, hashed and text-extracted; concern and same-issue response manually audited.
TPR035	A DeepSeek-powered AI system for automated chest radiograph interpretation in clinical practice	Nature Communications	2026-05-07	10.1038/s41467-026-72680-6	3-high-impact-fallback	High-impact Nature Portfolio multidisciplinary journal; admitted only with topic relevance and an official full peer-review file.	2025 JIF 18.1; official Nature Portfolio metrics: https://www.nature.com/nature-portfolio/about-journals/journal-metrics (checked 2026-08-22).	imaging-ai	chest radiography|automated reports|prospective reader evaluation	A DeepSeek-based chest-radiograph system integrates multiple images and clinical history for automated interpretation and is tested retrospectively and in a prospective subset.	https://www.nature.com/articles/s41467-026-72680-6	https://static-content.springer.com/esm/art%3A10.1038%2Fs41467-026-72680-6/MediaObjects/41467_2026_72680_MOESM3_ESM.pdf	official transparent peer-review PDF: reviewer reports and author response; decision letters where included	NR:round labels not consistently recoverable	4	0647df80d346110ea2861d7161b685a16b5b36efcdd641f2738b3b67e427dd72	33	76552	full-PDF download; SHA-256; pypdf page text extraction; regex anchors	VERIFIED_TEXT	NO_NOTICE_SIGNAL_FOUND as screened 2026-08-22: No targeted post-publication notice signal was found in the checked official page/status metadata and linked correction records as of the checked date; this one-time screen does not establish absence of undisclosed or future concerns.	CLINICAL_WORKFLOW_UTILITY;CLAIM_CALIBRATION;LABEL_REFERENCE_STANDARD;EXTERNAL_VALIDATION;REPORTING_CLARITY	1.0.0	CLINICAL_ETHICS_FEASIBILITY;CONTRIBUTION_CLAIM_CALIBRATION;COHORT_LABEL_UNIT_LEAKAGE;EXTERNAL_VALIDATION_ROBUSTNESS	The reviewer found that the new multi-image architecture had not been tested prospectively, limiting claims about that capability.	manuscript-grounded-defect	The claimed use must be tested at its intended decision point with workflow, burden, risk, privacy and feasibility boundaries visible.	The authors added a 50-patient prospective test for paired posteroanterior and lateral radiographs, but explicitly retained longitudinal historical-image integration as unvalidated and future work.	Prospectively test the multi-image capability or narrow the claim to the multi-image scenarios actually evaluated.	Optional extension, not a recorded requirement: test the locked pipeline in an independent site, scanner or clinically shifted cohort.	Documented same-issue repair: The authors added a 50-patient prospective test for paired posteroanterior and lateral radiographs, but explicitly retained longitudinal historical-image integration as unvalidated and future work.	partially-addressed	paired_view_prospective_test|longitudinal_boundary_disclosure	The revised article or supplement incorporates the documented analysis, experiment, clarification or claim calibration identified in the response.	Do not merge paired-view and longitudinal multi-image capability; validate each scenario separately and name any untested temporal integration as a limitation.	reviewer report p.3, Reviewer 2 remaining issue 1	author response pp.12-13, Reviewer 2 question 1	Imaging subcorpus: official article DOI matched; full official review PDF downloaded, hashed and text-extracted; concern and same-issue response manually audited.
TPR036	Multi-modal AI for comprehensive breast cancer prognostication	Nature Communications	2026-05-20	10.1038/s41467-026-73088-y	3-high-impact-fallback	High-impact Nature Portfolio multidisciplinary journal; admitted only with topic relevance and an official full peer-review file.	2025 JIF 18.1; official Nature Portfolio metrics: https://www.nature.com/nature-portfolio/about-journals/journal-metrics (checked 2026-08-22).	digital-pathology	breast-cancer WSI|clinical variables|Oncotype DX|survival	A multimodal pathology model combines WSI and clinical features for breast-cancer recurrence and survival prognostication against genomic risk scores.	https://www.nature.com/articles/s41467-026-73088-y	https://static-content.springer.com/esm/art%3A10.1038%2Fs41467-026-73088-y/MediaObjects/41467_2026_73088_MOESM3_ESM.pdf	official transparent peer-review PDF: reviewer reports and author response; decision letters where included	NR:round labels not consistently recoverable	5	d145443161203ad9c6c90fbd92d64149ef693c724df0b5081ad49187875f7b7b	28	77983	full-PDF download; SHA-256; pypdf page text extraction; regex anchors	VERIFIED_TEXT	NO_NOTICE_SIGNAL_FOUND as screened 2026-08-22: No targeted post-publication notice signal was found in the checked official page/status metadata and linked correction records as of the checked date; this one-time screen does not establish absence of undisclosed or future concerns.	COMPARATOR_FAIRNESS;STATISTICAL_INFERENCE;CLINICAL_WORKFLOW_UTILITY;INTERPRETABILITY_MECHANISM;CLAIM_CALIBRATION	1.0.0	COMPARATOR_CONTROL_ABLATION;STATISTICAL_INFERENCE_CONFOUNDING;CLINICAL_ETHICS_FEASIBILITY;INTERPRETABILITY_ALTERNATIVES;CONTRIBUTION_CLAIM_CALIBRATION	The reviewer asked for separate pathology-only, clinical-only and combined results to quantify the incremental prognostic value of multimodal fusion.	manuscript-grounded-defect	Incremental value must be separated from simpler baselines, controls and component or modality effects under matched, fair comparisons.	The authors reported multivariable models in which both pathology and clinical scores remained significant and a likelihood-ratio test showing that adding the pathology score improved a model containing the clinical score and ODX.	Show whether each modality contributes independent prognostic information and whether adding pathology improves a clinical model.	Optional extension, not a recorded requirement: test slide-, laboratory- and population-shift robustness with patient-level separation.	Documented same-issue repair: The authors reported multivariable models in which both pathology and clinical scores remained significant and a likelihood-ratio test showing that adding the pathology score improved a model containing the clinical score and ODX.	analysis-or-evidence-added	incremental_value_analysis|nested_model_test	The revised article or supplement incorporates the documented analysis, experiment, clarification or claim calibration identified in the response.	A multimodal prognosis claim requires modality-specific and nested-model evidence; a weighted ensemble alone does not demonstrate incremental value.	reviewer report p.2, Reviewer 2 comment 2	author response p.13, Reviewer 2 question 2.2	Imaging subcorpus: official article DOI matched; full official review PDF downloaded, hashed and text-extracted; concern and same-issue response manually audited.
TPR037	AI digital pathology as a key tool providing in-depth understanding of the progression and regression of MASH and fibrosis in male mouse models	Nature Communications	2026-07-22	10.1038/s41467-026-73370-z	3-high-impact-fallback	High-impact Nature Portfolio multidisciplinary journal; admitted only with topic relevance and an official full peer-review file.	2025 JIF 18.1; official Nature Portfolio metrics: https://www.nature.com/nature-portfolio/about-journals/journal-metrics (checked 2026-08-22).	imaging-mechanism	H&E and SHG pathology|bulk RNA|multiplex immunofluorescence	AI digital pathology quantifies temporal and spatial MASH/fibrosis phenotypes in male mouse models and relates them to treatment and multi-omic signals.	https://www.nature.com/articles/s41467-026-73370-z	https://static-content.springer.com/esm/art%3A10.1038%2Fs41467-026-73370-z/MediaObjects/41467_2026_73370_MOESM3_ESM.pdf	official transparent peer-review PDF: reviewer reports and author response; decision letters where included	NR:round labels not consistently recoverable	6	cca4cc928d0d564602b88a4346d8b1214fd7530b360c0491278f87bd39e60da1	66	160017	full-PDF download; SHA-256; pypdf page text extraction; regex anchors	VERIFIED_TEXT	NO_NOTICE_SIGNAL_FOUND as screened 2026-08-22: No targeted post-publication notice signal was found in the checked official page/status metadata and linked correction records as of the checked date; this one-time screen does not establish absence of undisclosed or future concerns.	INTERPRETABILITY_MECHANISM;LABEL_REFERENCE_STANDARD;MULTISCALE_ALIGNMENT;STATISTICAL_INFERENCE;CLAIM_CALIBRATION	1.0.0	INTERPRETABILITY_ALTERNATIVES;COHORT_LABEL_UNIT_LEAKAGE;MULTIOMICS_ALIGNMENT_ANNOTATION;STATISTICAL_INFERENCE_CONFOUNDING;CONTRIBUTION_CLAIM_CALIBRATION	The reviewer said the biological and clinical purpose of AI-detected pigmented granulomas remained speculative without outcome or treatment-response evidence.	manuscript-grounded-defect	Attribution requires a stable link to the measured object and explicit tests of credible technical or biological alternative explanations.	The authors stated that prognostic and therapeutic significance was not established, described detection as hypothesis-generating, removed implications of immediate clinical utility and called for dedicated spatial or longitudinal validation.	Either provide outcome-linked validation or explicitly remove diagnostic and prognostic utility claims and label the feature hypothesis-generating.	Optional extension, not a recorded requirement: validate both the imaging phenotype and the biological bridge in an independent matched cohort or perturbation model.	Documented same-issue repair: The authors stated that prognostic and therapeutic significance was not established, described detection as hypothesis-generating, removed implications of immediate clinical utility and called for dedicated spatial or longitudinal validation.	declined-with-explicit-boundary	clinical_claim_withdrawal|hypothesis_generating_positioning	The revised article or supplement incorporates the documented analysis, experiment, clarification or claim calibration identified in the response.	If an AI-derived histologic feature lacks outcome-linked validation, present it as a reproducible hypothesis generator rather than a diagnostic, prognostic or therapeutic marker.	reviewer report p.4, Reviewer 1 comment 2	author response p.63, Reviewer 1 comment 2	Imaging subcorpus: official article DOI matched; full official review PDF downloaded, hashed and text-extracted; concern and same-issue response manually audited.
TPR038	Multimodal deep learning model for AI-based functional prognostic risk stratification in patients undergoing radical nephrectomy	Nature Communications	2026-05-28	10.1038/s41467-026-73813-7	3-high-impact-fallback	High-impact Nature Portfolio multidisciplinary journal; admitted only with topic relevance and an official full peer-review file.	2025 JIF 18.1; official Nature Portfolio metrics: https://www.nature.com/nature-portfolio/about-journals/journal-metrics (checked 2026-08-22).	imaging-ai	renal CT|clinical variables|post-nephrectomy outcomes	RDPM fuses renal CT and clinical information to stratify functional prognosis after radical nephrectomy.	https://www.nature.com/articles/s41467-026-73813-7	https://static-content.springer.com/esm/art%3A10.1038%2Fs41467-026-73813-7/MediaObjects/41467_2026_73813_MOESM3_ESM.pdf	official transparent peer-review PDF: reviewer reports and author response; decision letters where included	NR:round labels not consistently recoverable	3	19b98f1c85278102a2af8b11741805a2379fd6c0fa36dca08e07ea033385e756	48	84605	full-PDF download; SHA-256; pypdf page text extraction; regex anchors	VERIFIED_TEXT	NO_NOTICE_SIGNAL_FOUND as screened 2026-08-22: No targeted post-publication notice signal was found in the checked official page/status metadata and linked correction records as of the checked date; this one-time screen does not establish absence of undisclosed or future concerns.	COMPARATOR_FAIRNESS;ABLATION_COMPONENT;EXTERNAL_VALIDATION;STATISTICAL_INFERENCE;CLAIM_CALIBRATION	1.0.0	COMPARATOR_CONTROL_ABLATION;EXTERNAL_VALIDATION_ROBUSTNESS;STATISTICAL_INFERENCE_CONFOUNDING;CONTRIBUTION_CLAIM_CALIBRATION	Reviewer 1 found that too few comparison methods and incomplete component ablations prevented attribution of RDPM's performance.	manuscript-grounded-defect	Incremental value must be separated from simpler baselines, controls and component or modality effects under matched, fair comparisons.	The authors expanded state-of-the-art comparisons and added ablations for global, renal self-attention and renal–outer cross-attention streams, all combined with the same clinical branch.	Add current clinical and AI baselines and ablate the renal, outer and attention components under the same multimodal evaluation.	Optional extension, not a recorded requirement: test the locked pipeline in an independent site, scanner or clinically shifted cohort.	Documented same-issue repair: The authors expanded state-of-the-art comparisons and added ablations for global, renal self-attention and renal–outer cross-attention streams, all combined with the same clinical branch.	experiment-or-analysis-added	current_baseline_expansion|component_level_ablation	The revised article or supplement incorporates the documented analysis, experiment, clarification or claim calibration identified in the response.	A multimodal architecture needs task-matched current baselines and component ablations under a constant clinical branch before assigning value to its fusion design.	reviewer report p.1, Reviewer 1 method comment 1	author response p.5 and pp.8-9, Reviewer 1 comment 1	Imaging subcorpus: official article DOI matched; full official review PDF downloaded, hashed and text-extracted; concern and same-issue response manually audited.
TPR039	Towards robust foundation models for digital pathology	Nature Communications	2026-06-11	10.1038/s41467-026-73923-2	3-high-impact-fallback	High-impact Nature Portfolio multidisciplinary journal; admitted only with topic relevance and an official full peer-review file.	2025 JIF 18.1; official Nature Portfolio metrics: https://www.nature.com/nature-portfolio/about-journals/journal-metrics (checked 2026-08-22).	digital-pathology	pathology foundation models|multi-center stain shifts|biomarkers	The study benchmarks robustness of pathology foundation-model representations and downstream tasks under real medical-center and staining variation.	https://www.nature.com/articles/s41467-026-73923-2	https://static-content.springer.com/esm/art%3A10.1038%2Fs41467-026-73923-2/MediaObjects/41467_2026_73923_MOESM3_ESM.pdf	official transparent peer-review PDF: reviewer reports and author response; decision letters where included	NR:round labels not consistently recoverable	3	e3ea4cf0da895aa6fb6dd6a6f1aa6d6cec6d8e364157c40f789ff4b0eef1774f	25	75920	full-PDF download; SHA-256; pypdf page text extraction; regex anchors	VERIFIED_TEXT	NO_NOTICE_SIGNAL_FOUND as screened 2026-08-22: No targeted post-publication notice signal was found in the checked official page/status metadata and linked correction records as of the checked date; this one-time screen does not establish absence of undisclosed or future concerns.	ROBUSTNESS_OOD;COMPARATOR_FAIRNESS;CLINICAL_WORKFLOW_UTILITY;ABLATION_COMPONENT;CLAIM_CALIBRATION	1.0.0	EXTERNAL_VALIDATION_ROBUSTNESS;COMPARATOR_CONTROL_ABLATION;CLINICAL_ETHICS_FEASIBILITY;CONTRIBUTION_CLAIM_CALIBRATION	The reviewer warned that a representation-level robustness index could be mistaken for downstream robustness because encoded site information need not be used by a deployed predictor.	manuscript-grounded-defect	Generalization and utility claims must match an explicitly shifted independent validation setting and expose robustness and failure boundaries.	The authors broadened the definition, relabeled claims as representation robustness where appropriate, and separately identified output-level linear-probe, clustering and retrieval evaluations.	Separate representation robustness from output-level behavior and scope conclusions to the level actually measured.	Optional extension, not a recorded requirement: test slide-, laboratory- and population-shift robustness with patient-level separation.	Documented same-issue repair: The authors broadened the definition, relabeled claims as representation robustness where appropriate, and separately identified output-level linear-probe, clustering and retrieval evaluations.	text-or-claim-revised	robustness_level_separation|claim_scope_revision	The revised article or supplement incorporates the documented analysis, experiment, clarification or claim calibration identified in the response.	Report robustness at the representation and output levels separately; latent site information is not equivalent to downstream reliance on that information.	reviewer report p.1, Reviewer 1 robustness-definition concern	author response pp.5-8, same robustness-definition concern	Imaging subcorpus: official article DOI matched; full official review PDF downloaded, hashed and text-extracted; concern and same-issue response manually audited.
TPR040	A disease-centric vision-language foundation model for precision oncology in kidney cancer	Nature Communications	2026-06-08	10.1038/s41467-026-74175-w	3-high-impact-fallback	High-impact Nature Portfolio multidisciplinary journal; admitted only with topic relevance and an official full peer-review file.	2025 JIF 18.1; official Nature Portfolio metrics: https://www.nature.com/nature-portfolio/about-journals/journal-metrics (checked 2026-08-22).	imaging-ai	kidney CT|radiology reports|precision-oncology VLM	A disease-centric kidney-cancer vision-language foundation model supports imaging classification, report generation and precision-oncology tasks.	https://www.nature.com/articles/s41467-026-74175-w	https://static-content.springer.com/esm/art%3A10.1038%2Fs41467-026-74175-w/MediaObjects/41467_2026_74175_MOESM2_ESM.pdf	official transparent peer-review PDF: reviewer reports and author response; decision letters where included	NR:round labels not consistently recoverable	3	58c2df17da09632dcd151dd2024b2dd70c9eb0bb0116a22023ac51c9dc790450	100	216882	full-PDF download; SHA-256; pypdf page text extraction; regex anchors	VERIFIED_TEXT	NO_NOTICE_SIGNAL_FOUND as screened 2026-08-22: No targeted post-publication notice signal was found in the checked official page/status metadata and linked correction records as of the checked date; this one-time screen does not establish absence of undisclosed or future concerns.	HUMAN_READER_VALIDATION;CLINICAL_WORKFLOW_UTILITY;REPORTING_CLARITY;COMPARATOR_FAIRNESS;STATISTICAL_INFERENCE	1.0.0	COHORT_LABEL_UNIT_LEAKAGE;CLINICAL_ETHICS_FEASIBILITY;CONTRIBUTION_CLAIM_CALIBRATION;COMPARATOR_CONTROL_ABLATION;STATISTICAL_INFERENCE_CONFOUNDING	Reviewer 1 suggested that BLEU and ROUGE alone were insufficient to establish the clinical quality of generated renal-cancer imaging reports.	reviewer-preference	The claimed effect must use valid labels and the correct independent unit, with cohort provenance and leakage-safe separation exposed.	The authors conducted a blinded study of 100 cases with three board-certified radiologists, a six-point clinical-accuracy rubric, randomized report order and inter-rater agreement reporting.	Add a blinded structured reader assessment of report correctness if making a clinical-relevance claim.	Optional extension, not a recorded requirement: test the locked pipeline in an independent site, scanner or clinically shifted cohort.	Documented same-issue repair: The authors conducted a blinded study of 100 cases with three board-certified radiologists, a six-point clinical-accuracy rubric, randomized report order and inter-rater agreement reporting.	experiment-or-analysis-added	blinded_reader_study|structured_clinical_scoring	The revised article or supplement incorporates the documented analysis, experiment, clarification or claim calibration identified in the response.	Language-overlap metrics do not establish clinical correctness; use blinded expert scoring with a disclosed rubric and agreement assessment for clinical report claims.	reviewer report p.1, Reviewer 1 major comment 1	author response pp.7-8, Reviewer 1 major comment 1	Imaging subcorpus: official article DOI matched; full official review PDF downloaded, hashed and text-extracted; concern and same-issue response manually audited.
TPR041	Portable, real-time 3D ultrasound for operator-independent breast imaging	Nature Communications	2026-07-01	10.1038/s41467-026-74708-3	3-high-impact-fallback	High-impact Nature Portfolio multidisciplinary journal; admitted only with topic relevance and an official full peer-review file.	2025 JIF 18.1; official Nature Portfolio metrics: https://www.nature.com/nature-portfolio/about-journals/journal-metrics (checked 2026-08-22).	imaging-ai	portable 3D breast ultrasound|real-time reconstruction|operator independence	The work develops a portable system for real-time three-dimensional breast ultrasound intended to reduce operator dependence.	https://www.nature.com/articles/s41467-026-74708-3	https://static-content.springer.com/esm/art%3A10.1038%2Fs41467-026-74708-3/MediaObjects/41467_2026_74708_MOESM3_ESM.pdf	official transparent peer-review PDF: reviewer reports and author response; decision letters where included	NR:round labels not consistently recoverable	3	a410eaaa2f62dac505f6e59c5cd32a6513fa4bf72efe8d8732ecb20fd1e6c249	107	194919	full-PDF download; SHA-256; pypdf page text extraction; regex anchors	VERIFIED_TEXT	NO_NOTICE_SIGNAL_FOUND as screened 2026-08-22: No targeted post-publication notice signal was found in the checked official page/status metadata and linked correction records as of the checked date; this one-time screen does not establish absence of undisclosed or future concerns.	MECHANISM_VALIDATION;ABLATION_COMPONENT;IMAGE_QUALITY_REALISM;REPORTING_CLARITY;REPRODUCIBILITY_OPENNESS	1.0.0	MECHANISM_FUNCTION_PERTURBATION;COMPARATOR_CONTROL_ABLATION;EXTERNAL_VALIDATION_ROBUSTNESS;CONTRIBUTION_CLAIM_CALIBRATION;REPRODUCIBILITY_OPENNESS	The reviewer suggested controlled isolation experiments to attribute ultrasound performance gains to probe geometry and backing material rather than acquisition electronics.	reviewer-preference	Mechanistic language requires an intervention or discriminating orthogonal evidence that addresses credible alternatives and causal boundaries.	The authors kept the cDAQ settings fixed and reported staged crosstalk measurements for the baseline, corner-gap geometry and full backing-layer design, alongside finite-element estimates.	Hold acquisition and processing fixed while comparing the baseline array, geometry-only revision and full backing-layer design.	Optional extension, not a recorded requirement: test the locked pipeline in an independent site, scanner or clinically shifted cohort.	Documented same-issue repair: The authors kept the cDAQ settings fixed and reported staged crosstalk measurements for the baseline, corner-gap geometry and full backing-layer design, alongside finite-element estimates.	experiment-or-analysis-added	controlled_hardware_isolation|fixed_acquisition_pipeline	The revised article or supplement incorporates the documented analysis, experiment, clarification or claim calibration identified in the response.	Hardware-mechanism attribution requires stepped component comparisons under an identical acquisition and processing pipeline.	reviewer report p.1, Reviewer 1 controlled-isolation suggestion	author response p.13, Reviewer 1 comment 2	Imaging subcorpus: official article DOI matched; full official review PDF downloaded, hashed and text-extracted; concern and same-issue response manually audited.
TPR042	Prediction of microvascular invasion in hepatocellular carcinoma using contrast-enhanced ultrasound and deep learning	Nature Communications	2026-07-10	10.1038/s41467-026-74985-y	3-high-impact-fallback	High-impact Nature Portfolio multidisciplinary journal; admitted only with topic relevance and an official full peer-review file.	2025 JIF 18.1; official Nature Portfolio metrics: https://www.nature.com/nature-portfolio/about-journals/journal-metrics (checked 2026-08-22).	imaging-mechanism	contrast-enhanced ultrasound|pathology|bulk RNA|single-cell RNA	MAPUSE predicts microvascular invasion from contrast-enhanced ultrasound and links peritumoral attention patterns to CD8-positive immune infiltration across histology and transcriptomics.	https://www.nature.com/articles/s41467-026-74985-y	https://static-content.springer.com/esm/art%3A10.1038%2Fs41467-026-74985-y/MediaObjects/41467_2026_74985_MOESM3_ESM.pdf	official transparent peer-review PDF: reviewer reports and author response; decision letters where included	NR:round labels not consistently recoverable	4	7cee7ef58e4c75f5b75eac5ccda7bf9e9023a6c590086122a1a9aa76b8119909	23	56954	full-PDF download; SHA-256; pypdf page text extraction; regex anchors	VERIFIED_TEXT	NO_NOTICE_SIGNAL_FOUND as screened 2026-08-22: No targeted post-publication notice signal was found in the checked official page/status metadata and linked correction records as of the checked date; this one-time screen does not establish absence of undisclosed or future concerns.	EXTERNAL_VALIDATION;MULTISCALE_ALIGNMENT;INTERPRETABILITY_MECHANISM;COHORT_REPRESENTATIVENESS;REPRODUCIBILITY_OPENNESS;CLAIM_CALIBRATION	1.0.0	EXTERNAL_VALIDATION_ROBUSTNESS;MULTIOMICS_ALIGNMENT_ANNOTATION;INTERPRETABILITY_ALTERNATIVES;COHORT_LABEL_UNIT_LEAKAGE;REPRODUCIBILITY_OPENNESS;CONTRIBUTION_CLAIM_CALIBRATION	The reviewer said that cross-scale associations between imaging features and CD8-positive cells did not establish causality.	clarification-needed	Generalization and utility claims must match an explicitly shifted independent validation setting and expose robustness and failure boundaries.	The authors explicitly stated that causality could not be established and added this limitation to the manuscript while retaining the finding as a multiscale association.	Either add a causal design or explicitly label the histology, bulk-RNA, single-cell and imaging links as non-causal associations.	Optional extension, not a recorded requirement: validate both the imaging phenotype and the biological bridge in an independent matched cohort or perturbation model.	Documented same-issue repair: The authors explicitly stated that causality could not be established and added this limitation to the manuscript while retaining the finding as a multiscale association.	text-or-claim-revised	causal_language_boundary|association_only_interpretation	The revised article or supplement incorporates the documented analysis, experiment, clarification or claim calibration identified in the response.	Concordant imaging, histology, bulk-RNA and single-cell associations remain non-causal unless the study identifies and tests an intervention or valid causal design.	reviewer report p.3, Reviewer 2 major comment 6	author response p.20, Reviewer 2 major comment 6	Imaging subcorpus: official article DOI matched; full official review PDF downloaded, hashed and text-extracted; concern and same-issue response manually audited.
TPR043	Integrated device for optoacoustically-guided ultrasound surgery	Nature Communications	2026-07-21	10.1038/s41467-026-75692-4	3-high-impact-fallback	High-impact Nature Portfolio multidisciplinary journal; admitted only with topic relevance and an official full peer-review file.	2025 JIF 18.1; official Nature Portfolio metrics: https://www.nature.com/nature-portfolio/about-journals/journal-metrics (checked 2026-08-22).	imaging-ai	optoacoustic imaging|ultrasound surgery|large-animal validation	An integrated device combines optoacoustic guidance with ultrasound ablation to localize and treat tissue targets.	https://www.nature.com/articles/s41467-026-75692-4	https://static-content.springer.com/esm/art%3A10.1038%2Fs41467-026-75692-4/MediaObjects/41467_2026_75692_MOESM5_ESM.pdf	official transparent peer-review PDF: reviewer reports and author response; decision letters where included	NR:round labels not consistently recoverable	3	5506f8735559b4aec5d4f3e3cfbe8c88738bb467c2a768be85ba375e2583a3b9	32	80171	full-PDF download; SHA-256; pypdf page text extraction; regex anchors	VERIFIED_TEXT	NO_NOTICE_SIGNAL_FOUND as screened 2026-08-22: No targeted post-publication notice signal was found in the checked official page/status metadata and linked correction records as of the checked date; this one-time screen does not establish absence of undisclosed or future concerns.	LABEL_REFERENCE_STANDARD;CLINICAL_WORKFLOW_UTILITY;IMAGE_QUALITY_REALISM;EXTERNAL_VALIDATION;CLAIM_CALIBRATION	1.0.0	COHORT_LABEL_UNIT_LEAKAGE;CLINICAL_ETHICS_FEASIBILITY;EXTERNAL_VALIDATION_ROBUSTNESS;CONTRIBUTION_CLAIM_CALIBRATION	Reviewer 2 said that ex-vivo small-animal brain experiments were insufficient for translational claims and requested in-vivo large-animal validation.	manuscript-grounded-defect	The claimed effect must use valid labels and the correct independent unit, with cohort provenance and leakage-safe separation exposed.	The authors added an in-vivo sheep experiment at a one-centimetre target depth and confirmed the induced lesion with postoperative MRI and histology.	Demonstrate the integrated device in a living large-animal model with independent lesion confirmation.	Optional extension, not a recorded requirement: test the locked pipeline in an independent site, scanner or clinically shifted cohort.	Documented same-issue repair: The authors added an in-vivo sheep experiment at a one-centimetre target depth and confirmed the induced lesion with postoperative MRI and histology.	experiment-or-analysis-added	large_animal_in_vivo_validation|orthogonal_lesion_confirmation	The revised article or supplement incorporates the documented analysis, experiment, clarification or claim calibration identified in the response.	Translational claims for an integrated image-guided ablation device require in-vivo scale validation and orthogonal confirmation of the treatment effect.	reviewer report p.2, Reviewer 2 comment 3	author response pp.11-12, Reviewer 2 comment 3	Imaging subcorpus: official article DOI matched; full official review PDF downloaded, hashed and text-extracted; concern and same-issue response manually audited.
TPR044	A benchmark study of vision and pathology foundation models for computational pathology	Nature Communications	2026-07-24	10.1038/s41467-026-76004-6	3-high-impact-fallback	High-impact Nature Portfolio multidisciplinary journal; admitted only with topic relevance and an official full peer-review file.	2025 JIF 18.1; official Nature Portfolio metrics: https://www.nature.com/nature-portfolio/about-journals/journal-metrics (checked 2026-08-22).	digital-pathology	WSI|pathology foundation models|multi-task benchmarking	The study benchmarks multiple vision and pathology foundation models across computational-pathology tasks and tissues.	https://www.nature.com/articles/s41467-026-76004-6	https://static-content.springer.com/esm/art%3A10.1038%2Fs41467-026-76004-6/MediaObjects/41467_2026_76004_MOESM5_ESM.pdf	official transparent peer-review PDF: reviewer reports and author response; decision letters where included	NR:round labels not consistently recoverable	3	bb9af02e4bd91fce03f86942f49413d4f275fc226337410969977a67791251db	18	56349	full-PDF download; SHA-256; pypdf page text extraction; regex anchors	VERIFIED_TEXT	NO_NOTICE_SIGNAL_FOUND as screened 2026-08-22: No targeted post-publication notice signal was found in the checked official page/status metadata and linked correction records as of the checked date; this one-time screen does not establish absence of undisclosed or future concerns.	COMPARATOR_FAIRNESS;ROBUSTNESS_OOD;REPRODUCIBILITY_OPENNESS;STATISTICAL_INFERENCE;CLINICAL_WORKFLOW_UTILITY	1.0.0	COMPARATOR_CONTROL_ABLATION;EXTERNAL_VALIDATION_ROBUSTNESS;REPRODUCIBILITY_OPENNESS;STATISTICAL_INFERENCE_CONFOUNDING;CLINICAL_ETHICS_FEASIBILITY	The reviewer warned that frozen-feature linear probing measures representation transferability, not each pathology foundation model's maximum fine-tuned or deployment performance.	clarification-needed	Incremental value must be separated from simpler baselines, controls and component or modality effects under matched, fair comparisons.	The authors revised the Discussion to scope conclusions to frozen-feature transferability, declined limited fine-tuning because no fair cross-architecture protocol exists, and explicitly framed full fine-tuning as task-specific future work.	State the benchmark's estimand as frozen-representation quality and avoid ranking models as universally optimal for downstream deployment.	Optional extension, not a recorded requirement: test slide-, laboratory- and population-shift robustness with patient-level separation.	Documented same-issue repair: The authors revised the Discussion to scope conclusions to frozen-feature transferability, declined limited fine-tuning because no fair cross-architecture protocol exists, and explicitly framed full fine-tuning as task-specific future work.	declined-with-explicit-boundary	benchmark_estimand_clarification|fine_tuning_boundary	The revised article or supplement incorporates the documented analysis, experiment, clarification or claim calibration identified in the response.	A linear-probe benchmark ranks frozen representations under that protocol; it cannot be written as the maximum achievable or clinical-deployment ranking of the models.	reviewer report p.1, Reviewer 1 major comment 2	author response p.7, Reviewer 1 major comment 2	Imaging subcorpus: official article DOI matched; full official review PDF downloaded, hashed and text-extracted; concern and same-issue response manually audited.
TPR045	Contrastive language image pretraining for a cardiac magnetic resonance image embedding with zero-shot capabilities	Nature Communications	2026-05-21	10.1038/s41467-026-73022-2	3-high-impact-fallback	High-impact Nature Portfolio multidisciplinary journal; admitted only with topic relevance and an official full peer-review file.	2025 JIF 18.1; official Nature Portfolio metrics: https://www.nature.com/nature-portfolio/about-journals/journal-metrics (checked 2026-08-22).	imaging-ai	cardiac MRI|reports|contrastive language-image learning	CMR-CLIP learns cardiac-MRI video embeddings from report supervision for zero-shot disease recognition, retrieval and targeted downstream tasks.	https://www.nature.com/articles/s41467-026-73022-2	https://static-content.springer.com/esm/art%3A10.1038%2Fs41467-026-73022-2/MediaObjects/41467_2026_73022_MOESM3_ESM.pdf	official transparent peer-review PDF: reviewer reports and author response; decision letters where included	NR:round labels not consistently recoverable	3	6237808c7c69aaff724ea559cdca7f783dc12d10f8fdd8b9efa3170ab67b12c8	23	58009	full-PDF download; SHA-256; pypdf page text extraction; regex anchors	VERIFIED_TEXT	NO_NOTICE_SIGNAL_FOUND as screened 2026-08-22: No targeted post-publication notice signal was found in the checked official page/status metadata and linked correction records as of the checked date; this one-time screen does not establish absence of undisclosed or future concerns.	EXTERNAL_VALIDATION;ROBUSTNESS_OOD;COMPARATOR_FAIRNESS;DATA_LEAKAGE_SPLIT;REPRODUCIBILITY_OPENNESS	1.0.0	EXTERNAL_VALIDATION_ROBUSTNESS;COMPARATOR_CONTROL_ABLATION;COHORT_LABEL_UNIT_LEAKAGE;REPRODUCIBILITY_OPENNESS	Reviewer 1 found that ACDC external validation covered only short-axis cine imaging and therefore did not test robustness to other CMR sequences or views.	manuscript-grounded-defect	Generalization and utility claims must match an explicitly shifted independent validation setting and expose robustness and failure boundaries.	The authors added evaluation at a separate Florida site with different readers, vendors and patient population, and retained the limitation that the public ACDC dataset contains only short-axis cine images.	Add independent-site evidence and retain an explicit sequence-coverage boundary rather than treating ACDC as comprehensive external validation.	Optional extension, not a recorded requirement: test the locked pipeline in an independent site, scanner or clinically shifted cohort.	Documented same-issue repair: The authors added evaluation at a separate Florida site with different readers, vendors and patient population, and retained the limitation that the public ACDC dataset contains only short-axis cine images.	partially-addressed	independent_site_evaluation|sequence_coverage_limitation	The revised article or supplement incorporates the documented analysis, experiment, clarification or claim calibration identified in the response.	External-site validation and sequence coverage are different axes; report both and do not use a single-view public cohort to imply robustness across CMR sequences.	reviewer report p.1, Reviewer 1 weakness 1	author response pp.5-6, Reviewer 1 comment R1.1	Imaging subcorpus: official article DOI matched; full official review PDF downloaded, hashed and text-extracted; concern and same-issue response manually audited.
TPR046	Spatial joint profiling of DNA methylome and transcriptome in tissues	Nature	2025-09-03	10.1038/s41586-025-09478-x	1-main-journal	Nature flagship; selected for venue standing, scope relevance and an official full peer-review file.	2025 JIF 56.1; official Nature Portfolio metrics: https://www.nature.com/nature-portfolio/about-journals/journal-metrics (checked 2026-08-22).	spatial	bulk-rna;multi-omics	Develops spatial joint profiling of DNA methylation and RNA in intact tissues to resolve cell-type-specific epigenetic states and their association with transcriptional programs.	https://www.nature.com/articles/s41586-025-09478-x	https://static-content.springer.com/esm/art%3A10.1038%2Fs41586-025-09478-x/MediaObjects/41586_2025_9478_MOESM3_ESM.pdf	Peer Review Information (reviewer reports and author response)	3	3	f7053e942ef34599b7ba1bf5d196dc697f629c969564f7e93976386ffc5128fc	99	166612	pypdf-6.10.0 page text; page-indexed reviewer/author-response split; concern-response alignment; semantic audit	VERIFIED_TEXT	NO_NOTICE_SIGNAL_FOUND as screened 2026-08-22: No targeted post-publication notice signal was found in the checked official page/status metadata and linked correction records as of the checked date; this one-time screen does not establish absence of undisclosed or future concerns.	REPLICATION_UNIT;BENCHMARK_FAIRNESS;MULTIOMICS_INTEGRATION;NOVELTY_POSITIONING;METHODS_REPRODUCIBILITY;ALTERNATIVE_EXPLANATION	1.0.0	COHORT_LABEL_UNIT_LEAKAGE;COMPARATOR_CONTROL_ABLATION;MULTIOMICS_ALIGNMENT_ANNOTATION;CONTRIBUTION_CLAIM_CALIBRATION;REPRODUCIBILITY_OPENNESS;INTERPRETABILITY_ALTERNATIVES	The reviewer asked whether Spatial-DMT reproducibility had been demonstrated with an independent replicate rather than a single embryo.	clarification-needed	The claimed effect must use valid labels and the correct independent unit, with cohort provenance and leakage-safe separation exposed.	The authors analysed a separate E11 mouse embryo replicate and reported DNA-methylation and gene-expression correlations above 0.95, concordant UMAP clusters and consistent spatial marker patterns.	Reanalyse at the biological independent unit with the sample hierarchy represented, or restrict inference to the observed donors or specimens; added cells, spots or tiles are not replication.	Optional extension, not a recorded requirement: replicate the spatial pattern across independent specimens and confirm it by orthogonal imaging or staining.	PRF p.57: Authors report the independent E11 replicate, correlations above 0.95 and concordant cluster and marker maps in Extended Data Fig. 3.	analysis-or-evidence-added	accept-or-partially-accept|add-quantitative-evidence|calibrate-claim|anchor-location	The revised article or supplement incorporates the documented analysis, experiment, clarification or claim calibration identified in the response.	REPLICATION_UNIT — For a spatial multi-omic reproducibility claim, analyse an independent specimen and report cross-replicate molecular correlations plus concordant clusters and spatial markers.	public review file p.4	author response in public review file p.57	Omics subcorpus: official article and review PDF verified; page-indexed reviewer/author-response split, concern alignment and semantic audit recorded in the source table.
TPR047	Programmable control of spatial transcriptome in live cells and neurons	Nature	2025-05-21	10.1038/s41586-025-09020-z	1-main-journal	Nature flagship; selected for venue standing, scope relevance and an official full peer-review file.	2025 JIF 56.1; official Nature Portfolio metrics: https://www.nature.com/nature-portfolio/about-journals/journal-metrics (checked 2026-08-22).	spatial	bulk-rna	Introduces CRISPR-TO to reposition selected mRNAs within living cells and neurons, using targeted localization perturbations to test effects on local translation and cellular function.	https://www.nature.com/articles/s41586-025-09020-z	https://static-content.springer.com/esm/art%3A10.1038%2Fs41586-025-09020-z/MediaObjects/41586_2025_9020_MOESM4_ESM.pdf	Peer Review Information (reviewer reports and author response)	2	4	6766c89c5b7e54b33e4d7334eb4719781128c38b7053bdb2632bfda4f98fb01f	71	172592	pypdf-6.10.0 page text; page-indexed reviewer/author-response split; concern-response alignment; semantic audit	VERIFIED_TEXT	NO_NOTICE_SIGNAL_FOUND as screened 2026-08-22: No targeted post-publication notice signal was found in the checked official page/status metadata and linked correction records as of the checked date; this one-time screen does not establish absence of undisclosed or future concerns.	SPATIAL_RESOLUTION_SEGMENTATION;PERTURBATION_RESCUE;BENCHMARK_FAIRNESS;GENERALIZABILITY_OOD;COHORT_SAMPLE_SIZE;CLAIM_CALIBRATION	1.0.0	MEASUREMENT_QC_SPATIAL_TRUTH;MECHANISM_FUNCTION_PERTURBATION;COMPARATOR_CONTROL_ABLATION;EXTERNAL_VALIDATION_ROBUSTNESS;COHORT_LABEL_UNIT_LEAKAGE;CONTRIBUTION_CLAIM_CALIBRATION	The reviewer asked what fraction of reporter mRNA reached the centrosome and warned that CRISPR-TO efficiency could vary substantially by subcellular target.	clarification-needed	The claimed object requires valid measurement, transparent QC, physical-resolution and mapping-error bounds, and an appropriate reference standard.	The authors quantified centrosomal reporter localization over time, rising from 0.26% at 120 s to 3.12% at 867 s, and added the analysis to Extended Data Fig. 7c.	Report physical resolution and mapping error, test robustness to plausible segmentation, registration or neighbourhood choices, and restrict localization below the supported scale.	Optional extension, not a recorded requirement: replicate the spatial pattern across independent specimens and confirm it by orthogonal imaging or staining.	PRF p.63: Authors report the 0.26%-to-3.12% time course and explicitly acknowledge location-dependent CRISPR-TO efficiency.	analysis-or-evidence-added	accept-or-partially-accept|add-quantitative-evidence|calibrate-claim|anchor-location	The revised article or supplement incorporates the documented analysis, experiment, clarification or claim calibration identified in the response.	SPATIAL_RESOLUTION_SEGMENTATION — Quantify the fraction and time course of reporter RNA at the claimed subcellular target and treat localization efficiency as target-location-specific.	public review file p.5	author response in public review file p.63	Omics subcorpus: official article and review PDF verified; page-indexed reviewer/author-response split, concern alignment and semantic audit recorded in the source table.
TPR048	Spatial multi-omics reveals cell-type-specific nuclear compartments	Nature	2025-04-09	10.1038/s41586-025-08838-x	1-main-journal	Nature flagship; selected for venue standing, scope relevance and an official full peer-review file.	2025 JIF 56.1; official Nature Portfolio metrics: https://www.nature.com/nature-portfolio/about-journals/journal-metrics (checked 2026-08-22).	spatial	multi-omics	Uses spatial multi-omics to map cell-type-specific nuclear compartments and relate nuclear organization to chromatin and transcriptional regulation in tissue context.	https://www.nature.com/articles/s41586-025-08838-x	https://static-content.springer.com/esm/art%3A10.1038%2Fs41586-025-08838-x/MediaObjects/41586_2025_8838_MOESM3_ESM.pdf	Peer Review Information (reviewer reports and author response)	5	3	882bfa8438402b40f9efde960c0034e7177706fe427dde36118d0c1a97e440a8	121	393808	pypdf-6.10.0 page text; page-indexed reviewer/author-response split; concern-response alignment; semantic audit	VERIFIED_TEXT	NO_NOTICE_SIGNAL_FOUND as screened 2026-08-22: No targeted post-publication notice signal was found in the checked official page/status metadata and linked correction records as of the checked date; this one-time screen does not establish absence of undisclosed or future concerns.	CLAIM_CALIBRATION;MECHANISM_CAUSALITY;BENCHMARK_FAIRNESS;SPATIAL_RESOLUTION_SEGMENTATION;CELL_ANNOTATION_VALIDITY;ALTERNATIVE_EXPLANATION	1.0.0	CONTRIBUTION_CLAIM_CALIBRATION;MECHANISM_FUNCTION_PERTURBATION;COMPARATOR_CONTROL_ABLATION;MEASUREMENT_QC_SPATIAL_TRUTH;MULTIOMICS_ALIGNMENT_ANNOTATION;INTERPRETABILITY_ALTERNATIVES	The reviewer argued that calling the assay sub-megabase or 25-kb-resolution chromatin tracing was misleading because megabase-scale features could be missed, and requested explicitly bounded resolution claims.	manuscript-grounded-defect	The stated contribution and every material claim must remain a defensible delta within the actual design, evidence, uncertainty and validated scope.	The authors revised the abstract and main text to state that practical chromatin-profile resolution ranges from 100–200 kb to about 1 Mb depending on marker and locus, and tied that range to diffraction and target-specific processing limitations.	Rewrite the affected title, abstract, Results and Discussion claims to the strongest level supported by the current design, while adding any existing evidence needed to make that boundary explicit.	Optional extension, not a recorded requirement: replicate the spatial pattern across independent specimens and confirm it by orthogonal imaging or staining.	PRF p.95: Authors revised the abstract and main text to state that practical chromatin-profile resolution ranges from 100–200 kb to about 1 Mb depending on marker and locus, and tied that range to diffraction and target-specific processing limitations.	text-or-claim-revised	clarify-rationale|revise-method-or-claim|state-boundary|anchor-location	The revised article or supplement incorporates the documented analysis, experiment, clarification or claim calibration identified in the response.	CLAIM_CALIBRATION — State practical tracing resolution as a marker- and locus-dependent range bounded by diffraction and target-specific processing, not as the smallest nominal bin.	public review file p.3	author response in public review file p.95	Omics subcorpus: official article and review PDF verified; page-indexed reviewer/author-response split, concern alignment and semantic audit recorded in the source table.
TPR049	Spatial transcriptomic clocks reveal cell proximity effects in brain ageing	Nature	2024-12-18	10.1038/s41586-024-08334-8	1-main-journal	Nature flagship; selected for venue standing, scope relevance and an official full peer-review file.	2025 JIF 56.1; official Nature Portfolio metrics: https://www.nature.com/nature-portfolio/about-journals/journal-metrics (checked 2026-08-22).	spatial	bulk-rna	Builds spatial transcriptomic ageing clocks from brain cell states and tests whether local cellular neighbourhoods are associated with accelerated or delayed molecular ageing.	https://www.nature.com/articles/s41586-024-08334-8	https://static-content.springer.com/esm/art%3A10.1038%2Fs41586-024-08334-8/MediaObjects/41586_2024_8334_MOESM3_ESM.pdf	Peer Review Information (reviewer reports and author response)	4	5	aaf660db5ed6f99c26af4b58db8e81102a486c9a40bcfb540a85bb7c468bd960	148	354818	pypdf-6.10.0 page text; page-indexed reviewer/author-response split; concern-response alignment; semantic audit	VERIFIED_TEXT	NO_NOTICE_SIGNAL_FOUND as screened 2026-08-22: No targeted post-publication notice signal was found in the checked official page/status metadata and linked correction records as of the checked date; this one-time screen does not establish absence of undisclosed or future concerns.	MECHANISM_CAUSALITY;PERTURBATION_RESCUE;SPATIAL_RESOLUTION_SEGMENTATION;FUNCTIONAL_VALIDATION;STATISTICAL_RIGOR;GENERALIZABILITY_OOD	1.0.0	MECHANISM_FUNCTION_PERTURBATION;MEASUREMENT_QC_SPATIAL_TRUTH;STATISTICAL_INFERENCE_CONFOUNDING;EXTERNAL_VALIDATION_ROBUSTNESS	The reviewer objected that spatial proximity and intervention-associated observations were repeatedly written as causal or functional effects that the design did not establish.	manuscript-grounded-defect	Mechanistic language requires an intervention or discriminating orthogonal evidence that addresses credible alternatives and causal boundaries.	The authors toned down causal language throughout, replaced claims about lowering IFNG with association-level wording for the LPS condition, and softened the concluding mechanistic statements.	Add a discriminating perturbation, target-engagement/control/rescue result, or reduce mechanistic and causal language to the observed association or state change.	Optional extension, not a recorded requirement: replicate the spatial pattern across independent specimens and confirm it by orthogonal imaging or staining.	PRF pp.131-132: Authors toned down causal language throughout, replaced claims about lowering IFNG with association-level wording for the LPS condition, and softened the concluding mechanistic statements.	text-or-claim-revised	clarify-rationale|revise-method-or-claim|state-boundary|anchor-location	The revised article or supplement incorporates the documented analysis, experiment, clarification or claim calibration identified in the response.	MECHANISM_CAUSALITY — When spatial proximity or a broad intervention does not isolate a mediator, replace causal or functional wording with association-level wording throughout the manuscript.	public review file p.5	author response in public review file pp.131-132	Omics subcorpus: official article and review PDF verified; page-indexed reviewer/author-response split, concern alignment and semantic audit recorded in the source table.
TPR050	A spatial human thymus cell atlas mapped to a continuous tissue axis	Nature	2024-11-20	10.1038/s41586-024-07944-6	1-main-journal	Nature flagship; selected for venue standing, scope relevance and an official full peer-review file.	2025 JIF 56.1; official Nature Portfolio metrics: https://www.nature.com/nature-portfolio/about-journals/journal-metrics (checked 2026-08-22).	spatial	single-cell	Constructs a spatially resolved human thymus cell atlas along a continuous tissue axis to connect thymocyte maturation states with anatomical niches.	https://www.nature.com/articles/s41586-024-07944-6	https://static-content.springer.com/esm/art%3A10.1038%2Fs41586-024-07944-6/MediaObjects/41586_2024_7944_MOESM3_ESM.pdf	Peer Review Information (reviewer reports and author response)	1	4	c6cc12d681c804703d93ad8035ceb69c6f44c4a9594333bebf23d530adef53d9	37	88395	pypdf-6.10.0 page text; page-indexed reviewer/author-response split; concern-response alignment; semantic audit	VERIFIED_TEXT	NO_NOTICE_SIGNAL_FOUND as screened 2026-08-22: No targeted post-publication notice signal was found in the checked official page/status metadata and linked correction records as of the checked date; this one-time screen does not establish absence of undisclosed or future concerns.	FIGURE_CLARITY;CELL_ANNOTATION_VALIDITY;STATISTICAL_RIGOR;BENCHMARK_FAIRNESS;METHODS_REPRODUCIBILITY;TRAJECTORY_TEMPORAL_CAUSALITY	1.0.0	CONTRIBUTION_CLAIM_CALIBRATION;MULTIOMICS_ALIGNMENT_ANNOTATION;STATISTICAL_INFERENCE_CONFOUNDING;COMPARATOR_CONTROL_ABLATION;REPRODUCIBILITY_OPENNESS;MECHANISM_FUNCTION_PERTURBATION	The reviewer found the cell-type annotations in Fig. 3 and Extended Data Fig. 5 unclear because T_DP(Q), T_DP(P) and related acronyms lacked definitions.	clarification-needed	The stated contribution and every material claim must remain a defensible delta within the actual design, evidence, uncertainty and validated scope.	The authors defined the cell-state abbreviations in the figure legends and introduced the terms in the main text.	Expose the biological unit, denominators, conditions, uncertainty and analysis link in the figure or legend so the decisive evidence can be interpreted without guessing.	Optional extension, not a recorded requirement: replicate the spatial pattern across independent specimens and confirm it by orthogonal imaging or staining.	PRF p.26: Authors state that the thymocyte-state acronyms were defined in the relevant legends and main text.	text-or-claim-revised	clarify-rationale|revise-method-or-claim|state-boundary|anchor-location	The revised article or supplement incorporates the documented analysis, experiment, clarification or claim calibration identified in the response.	FIGURE_CLARITY — Define every cell-state abbreviation at first use and in the figure legend where the state must be interpreted.	public review file p.6	author response in public review file p.26	Omics subcorpus: official article and review PDF verified; page-indexed reviewer/author-response split, concern alignment and semantic audit recorded in the source table.
TPR051	Single-cell multi-omics map of human fetal blood in Down syndrome	Nature	2024-09-25	10.1038/s41586-024-07946-4	1-main-journal	Nature flagship; selected for venue standing, scope relevance and an official full peer-review file.	2025 JIF 56.1; official Nature Portfolio metrics: https://www.nature.com/nature-portfolio/about-journals/journal-metrics (checked 2026-08-22).	multi-omics	single-cell	Combines single-cell transcriptomic and chromatin profiles of human fetal blood to map altered haematopoietic states and regulatory programs in Down syndrome.	https://www.nature.com/articles/s41586-024-07946-4	https://static-content.springer.com/esm/art%3A10.1038%2Fs41586-024-07946-4/MediaObjects/41586_2024_7946_MOESM4_ESM.pdf	Peer Review Information (reviewer reports and author response)	1	5	a278f475b7fbcd32de4c0d4822443223f1fffa93f010375ef3116aca13a48ff4	165	313385	pypdf-6.10.0 page text; page-indexed reviewer/author-response split; concern-response alignment; semantic audit	VERIFIED_TEXT	NO_NOTICE_SIGNAL_FOUND as screened 2026-08-22: No targeted post-publication notice signal was found in the checked official page/status metadata and linked correction records as of the checked date; this one-time screen does not establish absence of undisclosed or future concerns.	REPLICATION_UNIT;MECHANISM_CAUSALITY;PERTURBATION_RESCUE;FUNCTIONAL_VALIDATION;CELL_ANNOTATION_VALIDITY;MULTIPLE_TESTING	1.0.0	COHORT_LABEL_UNIT_LEAKAGE;MECHANISM_FUNCTION_PERTURBATION;MULTIOMICS_ALIGNMENT_ANNOTATION;STATISTICAL_INFERENCE_CONFOUNDING	The reviewer questioned whether single-cell differences were robust when donors or fetuses, rather than cells, were treated as biological replicates and age or sex was included.	manuscript-grounded-defect	The claimed effect must use valid labels and the correct independent unit, with cohort provenance and leakage-safe separation exposed.	The authors reran liver-versus-femur differential expression with sample- and fetus-level pseudobulks and age- or sex-adjusted models; log-fold changes remained highly concordant (r>0.96).	Reanalyse at the biological independent unit with the sample hierarchy represented, or restrict inference to the observed donors or specimens; added cells, spots or tiles are not replication.	Optional extension, not a recorded requirement: establish blockwise incremental value, robustness to integration choices and orthogonal validation of the central bridge.	PRF pp.71-73: Authors report four pseudobulk specifications plus age and sex sensitivity analyses, with log-fold-change correlations above 0.96 and stable significant genes.	experiment-or-analysis-added	accept-core-concern|add-targeted-experiment-or-analysis|report-result|anchor-location	The revised article or supplement incorporates the documented analysis, experiment, clarification or claim calibration identified in the response.	REPLICATION_UNIT — Reanalyse single-cell contrasts with donor- or fetus-level pseudobulks and covariate-adjusted models, then report concordance with cell-level estimates.	public review file p.9	author response in public review file pp.71-73	Omics subcorpus: official article and review PDF verified; page-indexed reviewer/author-response split, concern alignment and semantic audit recorded in the source table.
TPR052	Spatially resolved single-cell analyses of human meningioma identify novel cell states influencing tumor microenvironment and progression	Nature Genetics	2026-06-09	10.1038/s41588-026-02615-w	2-major-specialist	Major Nature genetics journal; selected for genomics-method or mechanism relevance and an official full peer-review file.	2025 JIF 25.5; official Nature Portfolio metrics: https://www.nature.com/nature-portfolio/about-journals/journal-metrics (checked 2026-08-22).	spatial	single-cell	Profiles human meningiomas with spatial single-cell transcriptomics to identify tumour and stromal cell states associated with microenvironmental organization and progression.	https://www.nature.com/articles/s41588-026-02615-w	https://static-content.springer.com/esm/art%3A10.1038%2Fs41588-026-02615-w/MediaObjects/41588_2026_2615_MOESM3_ESM.pdf	Peer Review Information (reviewer reports and author response)	2	3	a22313815a3f8bf5eccc318a00566aad12056530ccc1875b0cd86b12f439fbd6	74	150402	pypdf-6.10.0 page text; page-indexed reviewer/author-response split; concern-response alignment; semantic audit	VERIFIED_TEXT	NO_NOTICE_SIGNAL_FOUND as screened 2026-08-22: No targeted post-publication notice signal was found in the checked official page/status metadata and linked correction records as of the checked date; this one-time screen does not establish absence of undisclosed or future concerns.	QC_PREPROCESSING;CELL_ANNOTATION_VALIDITY;SPATIAL_RESOLUTION_SEGMENTATION;BENCHMARK_FAIRNESS;STATISTICAL_RIGOR;TRAJECTORY_TEMPORAL_CAUSALITY	1.0.0	MEASUREMENT_QC_SPATIAL_TRUTH;MULTIOMICS_ALIGNMENT_ANNOTATION;COMPARATOR_CONTROL_ABLATION;STATISTICAL_INFERENCE_CONFOUNDING;MECHANISM_FUNCTION_PERTURBATION	The reviewer asked whether ambient RNA, doublets or related QC factors obscured tumour cell states and requested canonical-marker dotplots or feature plots.	optional-strengthening	The claimed object requires valid measurement, transparent QC, physical-resolution and mapping-error bounds, and an appropriate reference standard.	The authors added DecontX and DIEM ambient-RNA analyses with cell-type and state summaries, reported the existing doublet/QC filters, and added a supplementary ambient-RNA figure plus canonical-marker DotPlot and FeaturePlots.	Report QC thresholds, exclusions, versions and preprocessing choices, test consequential alternatives, and show whether the headline result survives.	Optional extension, not a recorded requirement: replicate the spatial pattern across independent specimens and confirm it by orthogonal imaging or staining.	PRF pp.36-37: Authors added DecontX and DIEM ambient-RNA analyses with cell-type and state summaries, reported the existing doublet/QC filters, and added a supplementary ambient-RNA figure plus canonical-marker DotPlot and FeaturePlots.	analysis-or-evidence-added	accept-or-partially-accept|add-quantitative-evidence|calibrate-claim|anchor-location	The revised article or supplement incorporates the documented analysis, experiment, clarification or claim calibration identified in the response.	QC_PREPROCESSING — Test ambient RNA and doublets explicitly and show canonical-marker plots before treating tumour cell states as biological.	public review file p.4	author response in public review file pp.36-37	Omics subcorpus: official article and review PDF verified; page-indexed reviewer/author-response split, concern alignment and semantic audit recorded in the source table.
TPR053	Mosaic integration of spatial multi-omics with SpaMosaic	Nature Genetics	2026-04-24	10.1038/s41588-026-02573-3	2-major-specialist	Major Nature genetics journal; selected for genomics-method or mechanism relevance and an official full peer-review file.	2025 JIF 25.5; official Nature Portfolio metrics: https://www.nature.com/nature-portfolio/about-journals/journal-metrics (checked 2026-08-22).	spatial	multi-omics	Presents SpaMosaic for mosaic integration of partially overlapping spatial omics modalities and evaluates whether the joint representation preserves spatial domains and modality-specific biology.	https://www.nature.com/articles/s41588-026-02573-3	https://static-content.springer.com/esm/art%3A10.1038%2Fs41588-026-02573-3/MediaObjects/41588_2026_2573_MOESM3_ESM.pdf	Peer Review Information (reviewer reports and author response)	2	4	f85e0592101f649c2c6b4fd084bf53658894e351566deed913c952b1705926ce	71	173747	pypdf-6.10.0 page text; page-indexed reviewer/author-response split; concern-response alignment; semantic audit	VERIFIED_TEXT	NO_NOTICE_SIGNAL_FOUND as screened 2026-08-22: No targeted post-publication notice signal was found in the checked official page/status metadata and linked correction records as of the checked date; this one-time screen does not establish absence of undisclosed or future concerns.	MULTIOMICS_INTEGRATION;BENCHMARK_FAIRNESS;SPATIAL_RESOLUTION_SEGMENTATION;STATISTICAL_RIGOR;VALIDATION_GROUND_TRUTH;METHODS_REPRODUCIBILITY	1.0.0	MULTIOMICS_ALIGNMENT_ANNOTATION;COMPARATOR_CONTROL_ABLATION;MEASUREMENT_QC_SPATIAL_TRUTH;STATISTICAL_INFERENCE_CONFOUNDING;REPRODUCIBILITY_OPENNESS	The reviewer requested validation on genuinely high-resolution spatial data, including a high-resolution multi-omics dataset rather than only the original lower-resolution examples.	manuscript-grounded-defect	Cross-modal or cell-level interpretation requires traceable matched units, defensible annotation or alignment, and evidence for the claimed bridge.	The authors added Visium HD RNA-ATAC and Stereo-seq evaluations spanning two-micrometre to submicrometre resolution and showed integration across technologies, section sizes and spatial resolutions.	Preserve the matched sample intersection, compare unimodal and integrated models, test integration sensitivity and validate the biological meaning of the claimed cross-modal bridge.	Optional extension, not a recorded requirement: replicate the spatial pattern across independent specimens and confirm it by orthogonal imaging or staining.	PRF p.36: Authors added Visium HD RNA-ATAC and Stereo-seq evaluations spanning two-micrometre to submicrometre resolution and showed integration across technologies, section sizes and spatial resolutions.	analysis-or-evidence-added	accept-or-partially-accept|add-quantitative-evidence|calibrate-claim|anchor-location	The revised article or supplement incorporates the documented analysis, experiment, clarification or claim calibration identified in the response.	MULTIOMICS_INTEGRATION — Validate a multi-omics alignment method on genuinely high-resolution paired datasets spanning relevant technologies and spatial resolutions.	public review file p.3	author response in public review file p.36	Omics subcorpus: official article and review PDF verified; page-indexed reviewer/author-response split, concern alignment and semantic audit recorded in the source table.
TPR054	Single-cell spatial transcriptomic analysis of human skin anatomy	Nature Genetics	2026-03-23	10.1038/s41588-026-02552-8	2-major-specialist	Major Nature genetics journal; selected for genomics-method or mechanism relevance and an official full peer-review file.	2025 JIF 25.5; official Nature Portfolio metrics: https://www.nature.com/nature-portfolio/about-journals/journal-metrics (checked 2026-08-22).	spatial	bulk-rna;single-cell	Creates a single-cell spatial transcriptomic map of human skin anatomy, defining conserved cell populations and local neighbourhoods across anatomical sites.	https://www.nature.com/articles/s41588-026-02552-8	https://static-content.springer.com/esm/art%3A10.1038%2Fs41588-026-02552-8/MediaObjects/41588_2026_2552_MOESM2_ESM.pdf	Peer Review Information (reviewer reports and author response)	2	3	6823fe1ee364e267695ee4dcf8c882131baf6b95e8fe32533da7e348d9b1981e	20	69393	pypdf-6.10.0 page text; page-indexed reviewer/author-response split; concern-response alignment; semantic audit	VERIFIED_TEXT	NO_NOTICE_SIGNAL_FOUND as screened 2026-08-22: No targeted post-publication notice signal was found in the checked official page/status metadata and linked correction records as of the checked date; this one-time screen does not establish absence of undisclosed or future concerns.	FUNCTIONAL_VALIDATION;SPATIAL_RESOLUTION_SEGMENTATION;CELL_ANNOTATION_VALIDITY;GENERALIZABILITY_OOD;CLAIM_CALIBRATION;ALTERNATIVE_EXPLANATION	1.0.0	MECHANISM_FUNCTION_PERTURBATION;MEASUREMENT_QC_SPATIAL_TRUTH;MULTIOMICS_ALIGNMENT_ANNOTATION;EXTERNAL_VALIDATION_ROBUSTNESS;CONTRIBUTION_CLAIM_CALIBRATION;INTERPRETABILITY_ALTERNATIVES	The reviewer considered the atlas largely descriptive and asked for functional validation of a key spatial-neighbourhood or cell-cell interaction prediction.	manuscript-grounded-defect	Mechanistic language requires an intervention or discriminating orthogonal evidence that addresses credible alternatives and causal boundaries.	The authors added matched human-skin explant experiments in two donors: TNF treatment restored and increased CCL19-positive perivascular fibroblasts, supported by RNAscope, qPCR and new main and extended-data figures.	Validate the central nominated program or regulator with a targeted functional or orthogonal assay at the correct biological unit; otherwise reduce the wording to association or nomination.	Optional extension, not a recorded requirement: replicate the spatial pattern across independent specimens and confirm it by orthogonal imaging or staining.	PRF pp.14-16: Authors added matched human-skin explant experiments in two donors: TNF treatment restored and increased CCL19-positive perivascular fibroblasts, supported by RNAscope, qPCR and new main and extended-data figures.	experiment-or-analysis-added	accept-core-concern|add-targeted-experiment-or-analysis|report-result|anchor-location	The revised article or supplement incorporates the documented analysis, experiment, clarification or claim calibration identified in the response.	FUNCTIONAL_VALIDATION — Select one key atlas-derived spatial prediction and test it in matched tissue perturbation with orthogonal localization and expression readouts; do not imply that this validates the entire atlas.	public review file p.4	author response in public review file pp.14-16	Omics subcorpus: official article and review PDF verified; page-indexed reviewer/author-response split, concern alignment and semantic audit recorded in the source table.
TPR055	Single-cell atlas of the transcriptome and chromatin accessibility in the human retina	Nature Genetics	2026-01-23	10.1038/s41588-025-02454-1	2-major-specialist	Major Nature genetics journal; selected for genomics-method or mechanism relevance and an official full peer-review file.	2025 JIF 25.5; official Nature Portfolio metrics: https://www.nature.com/nature-portfolio/about-journals/journal-metrics (checked 2026-08-22).	single-cell	bulk-rna;multi-omics	Builds a joint single-cell transcriptome and chromatin-accessibility atlas of the human retina to resolve cell identities, regulatory elements and developmental relationships.	https://www.nature.com/articles/s41588-025-02454-1	https://static-content.springer.com/esm/art%3A10.1038%2Fs41588-025-02454-1/MediaObjects/41588_2025_2454_MOESM3_ESM.pdf	Peer Review Information (reviewer reports and author response)	3	3	6de23227285b5831b99b0603080c2a2bdc46182db0bd63f90a08a70482531ea1	32	103909	pypdf-6.10.0 page text; page-indexed reviewer/author-response split; concern-response alignment; semantic audit	VERIFIED_TEXT	CORRECTION as screened 2026-08-22: Nature records an Author Correction published 18 February 2026 (DOI 10.1038/s41588-026-02545-7): Jongsu Choi had been omitted from the author list and author-contribution statement and was added to the HTML and PDF versions.	MULTIPLE_TESTING;CELL_ANNOTATION_VALIDITY;STATISTICAL_RIGOR;GENERALIZABILITY_OOD;MULTIOMICS_INTEGRATION;EXTERNAL_VALIDATION	1.0.0	STATISTICAL_INFERENCE_CONFOUNDING;MULTIOMICS_ALIGNMENT_ANNOTATION;EXTERNAL_VALIDATION_ROBUSTNESS	The reviewer warned that more than 60 genome-wide tests used the same nominal q<0.05 threshold without independent validation, making false-positive and downstream pathway claims likely.	manuscript-grounded-defect	The estimand, biological unit, hierarchy, uncertainty, multiplicity, confounding and sensitivity analyses must support the stated inference.	The authors expanded the dataset to 3.9 million nuclei or cells from 125 donors, reran differential analyses and removed unvalidated results; they replaced the sliding-window tests with donor-aware mixed models, MASH local false-sign-rate control and GO multiplicity correction.	Define the tested family, apply an appropriate multiplicity procedure, report adjusted results and remove claims that depend only on uncorrected selection.	Optional extension, not a recorded requirement: replicate donor-level effects and validate cell identities or states with an independent dataset or assay.	PRF pp.15-16: Authors expanded the dataset to 3.9 million nuclei or cells from 125 donors, reran differential analyses and removed unvalidated results; they replaced the sliding-window tests with donor-aware mixed models, MASH local false-sign-rate control and GO multiplicity correction.	experiment-or-analysis-added	accept-core-concern|add-targeted-experiment-or-analysis|report-result|anchor-location	The revised article or supplement incorporates the documented analysis, experiment, clarification or claim calibration identified in the response.	MULTIPLE_TESTING — For many genome-wide contrasts, use donor-aware models and multiplicity control, expand biological units where possible, and remove downstream claims that do not survive reanalysis.	public review file p.3	author response in public review file pp.15-16	Omics subcorpus: official article and review PDF verified; page-indexed reviewer/author-response split, concern alignment and semantic audit recorded in the source table.
TPR056	Spatially resolved multi-omics of human metabolic dysfunction-associated steatotic liver disease	Nature Genetics	2025-11-24	10.1038/s41588-025-02407-8	2-major-specialist	Major Nature genetics journal; selected for genomics-method or mechanism relevance and an official full peer-review file.	2025 JIF 25.5; official Nature Portfolio metrics: https://www.nature.com/nature-portfolio/about-journals/journal-metrics (checked 2026-08-22).	spatial	multi-omics	Integrates spatially resolved molecular layers in metabolic dysfunction-associated steatotic liver disease to nominate cell states and regulatory pathways linked to tissue pathology.	https://www.nature.com/articles/s41588-025-02407-8	https://static-content.springer.com/esm/art%3A10.1038%2Fs41588-025-02407-8/MediaObjects/41588_2025_2407_MOESM3_ESM.pdf	Peer Review Information (reviewer reports and author response)	4	3	ad219119f5c70283b4118274de7b0738a5dfa65cbde20445b20f5c23be786b2d	55	147580	pypdf-6.10.0 page text; page-indexed reviewer/author-response split; concern-response alignment; semantic audit	VERIFIED_TEXT	NO_NOTICE_SIGNAL_FOUND as screened 2026-08-22: No targeted post-publication notice signal was found in the checked official page/status metadata and linked correction records as of the checked date; this one-time screen does not establish absence of undisclosed or future concerns.	CLAIM_CALIBRATION;MULTIOMICS_INTEGRATION;FUNCTIONAL_VALIDATION;BENCHMARK_FAIRNESS;STATISTICAL_RIGOR;QC_PREPROCESSING	1.0.0	CONTRIBUTION_CLAIM_CALIBRATION;MULTIOMICS_ALIGNMENT_ANNOTATION;MECHANISM_FUNCTION_PERTURBATION;COMPARATOR_CONTROL_ABLATION;STATISTICAL_INFERENCE_CONFOUNDING;MEASUREMENT_QC_SPATIAL_TRUTH	The reviewer noted that a proposed RSPO3-LGR6 therapeutic blockade was unsupported by functional validation.	manuscript-grounded-defect	The stated contribution and every material claim must remain a defensible delta within the actual design, evidence, uncertainty and validated scope.	The authors explicitly recast the result as a candidate signaling pathway supported only by transcriptomic and spatial co-localization evidence and stated that experimental validation is still required.	Rewrite the affected title, abstract, Results and Discussion claims to the strongest level supported by the current design, while adding any existing evidence needed to make that boundary explicit.	Optional extension, not a recorded requirement: replicate the spatial pattern across independent specimens and confirm it by orthogonal imaging or staining.	PRF p.52: Authors explicitly recast the result as a candidate signaling pathway supported only by transcriptomic and spatial co-localization evidence and stated that experimental validation is still required.	text-or-claim-revised	clarify-rationale|revise-method-or-claim|state-boundary|anchor-location	The revised article or supplement incorporates the documented analysis, experiment, clarification or claim calibration identified in the response.	CLAIM_CALIBRATION — If a nominated therapeutic ligand-receptor axis has only transcriptomic and spatial support, label it a candidate and state that functional validation remains required.	public review file p.8	author response in public review file p.52	Omics subcorpus: official article and review PDF verified; page-indexed reviewer/author-response split, concern alignment and semantic audit recorded in the source table.
TPR057	Modeling heterogeneity in single-cell perturbation states enhances detection of response eQTLs	Nature Genetics	2025-10-20	10.1038/s41588-025-02344-6	2-major-specialist	Major Nature genetics journal; selected for genomics-method or mechanism relevance and an official full peer-review file.	2025 JIF 25.5; official Nature Portfolio metrics: https://www.nature.com/nature-portfolio/about-journals/journal-metrics (checked 2026-08-22).	perturbation	single-cell	Models heterogeneous single-cell perturbation states to improve response-eQTL detection and tests whether state-aware models recover genotype-dependent perturbation effects.	https://www.nature.com/articles/s41588-025-02344-6	https://static-content.springer.com/esm/art%3A10.1038%2Fs41588-025-02344-6/MediaObjects/41588_2025_2344_MOESM3_ESM.pdf	Peer Review Information (reviewer reports and author response)	2	4	b3ec0d26f0824291f52c3304ac760d38a7d0d222107ec8196f8846fe9262de1d	66	166520	pypdf-6.10.0 page text; page-indexed reviewer/author-response split; concern-response alignment; semantic audit	VERIFIED_TEXT	NO_NOTICE_SIGNAL_FOUND as screened 2026-08-22: No targeted post-publication notice signal was found in the checked official page/status metadata and linked correction records as of the checked date; this one-time screen does not establish absence of undisclosed or future concerns.	REPLICATION_UNIT;PERTURBATION_RESCUE;STATISTICAL_RIGOR;FUNCTIONAL_VALIDATION;BENCHMARK_FAIRNESS;BATCH_CONFOUNDING	1.0.0	COHORT_LABEL_UNIT_LEAKAGE;MECHANISM_FUNCTION_PERTURBATION;STATISTICAL_INFERENCE_CONFOUNDING;COMPARATOR_CONTROL_ABLATION	The reviewer questioned why eGenes were prioritized with pseudobulk rather than a Poisson single-cell model and why expression was averaged across conditions per donor.	clarification-needed	The claimed effect must use valid labels and the correct independent unit, with cohort provenance and leakage-safe separation exposed.	The authors explained that genome-wide Poisson mixed modeling was computationally impractical, documented the per-donor averaging needed by FastQTL, and added this rationale to Methods with one profile per donor.	Reanalyse at the biological independent unit with the sample hierarchy represented, or restrict inference to the observed donors or specimens; added cells, spots or tiles are not replication.	Optional extension, not a recorded requirement: add dose-time, target-engagement, off-target and rescue evidence appropriate to the causal claim.	PRF p.37: Authors explained that genome-wide Poisson mixed modeling was computationally impractical, documented the per-donor averaging needed by FastQTL, and added this rationale to Methods with one profile per donor.	text-or-claim-revised	clarify-rationale|revise-method-or-claim|state-boundary|anchor-location	The revised article or supplement incorporates the documented analysis, experiment, clarification or claim calibration identified in the response.	REPLICATION_UNIT — Explain why the selected pseudobulk estimand and donor-level averaging match the eQTL tool, and disclose infeasible cell-level alternatives.	public review file p.4	author response in public review file p.37	Omics subcorpus: official article and review PDF verified; page-indexed reviewer/author-response split, concern alignment and semantic audit recorded in the source table.
TPR058	Spatial signatures for predicting immunotherapy outcomes using multi-omics in non-small cell lung cancer	Nature Genetics	2025-10-10	10.1038/s41588-025-02351-7	2-major-specialist	Major Nature genetics journal; selected for genomics-method or mechanism relevance and an official full peer-review file.	2025 JIF 25.5; official Nature Portfolio metrics: https://www.nature.com/nature-portfolio/about-journals/journal-metrics (checked 2026-08-22).	spatial	multi-omics	Combines spatial and molecular profiling of non-small-cell lung cancer to derive microenvironmental signatures intended to predict immunotherapy outcomes.	https://www.nature.com/articles/s41588-025-02351-7	https://static-content.springer.com/esm/art%3A10.1038%2Fs41588-025-02351-7/MediaObjects/41588_2025_2351_MOESM3_ESM.pdf	Peer Review Information (reviewer reports and author response)	4	2	bbdad37ecc387bedafb6cdf3b75d204e733eb8d3c0b069516aa75c5db73ca13c	14	52617	pypdf-6.10.0 page text; page-indexed reviewer/author-response split; concern-response alignment; semantic audit	VERIFIED_TEXT	NO_NOTICE_SIGNAL_FOUND as screened 2026-08-22: No targeted post-publication notice signal was found in the checked official page/status metadata and linked correction records as of the checked date; this one-time screen does not establish absence of undisclosed or future concerns.	STATISTICAL_RIGOR;EXTERNAL_VALIDATION;VALIDATION_GROUND_TRUTH;GENERALIZABILITY_OOD;MULTIOMICS_INTEGRATION;BATCH_CONFOUNDING	1.0.0	STATISTICAL_INFERENCE_CONFOUNDING;EXTERNAL_VALIDATION_ROBUSTNESS;MEASUREMENT_QC_SPATIAL_TRUTH;MULTIOMICS_ALIGNMENT_ANNOTATION	The reviewer challenged inconsistent one- versus two-sided tests and an inference that nonsignificant overall survival demonstrated endpoint specificity.	manuscript-grounded-defect	The estimand, biological unit, hierarchy, uncertainty, multiplicity, confounding and sensitivity analyses must support the stated inference.	The authors clarified the endpoint interpretation, tested additional cohorts for progression-free and overall survival, and revised the explanation to acknowledge extra non-cancer determinants and variability of overall survival.	State the estimand and biological unit, use an appropriate model and uncertainty estimate, address assumptions and multiplicity, and revise conclusions that fail sensitivity checks.	Optional extension, not a recorded requirement: replicate the spatial pattern across independent specimens and confirm it by orthogonal imaging or staining.	PRF p.8: Authors clarified the endpoint interpretation, tested additional cohorts for progression-free and overall survival, and revised the explanation to acknowledge extra non-cancer determinants and variability of overall survival.	analysis-or-evidence-added	accept-or-partially-accept|add-quantitative-evidence|calibrate-claim|anchor-location	The revised article or supplement incorporates the documented analysis, experiment, clarification or claim calibration identified in the response.	STATISTICAL_RIGOR — Pre-specify one- versus two-sided survival tests by training or validation role, and never treat nonsignificant overall survival as proof of endpoint specificity.	public review file p.2	author response in public review file p.8	Omics subcorpus: official article and review PDF verified; page-indexed reviewer/author-response split, concern alignment and semantic audit recorded in the source table.
TPR059	Single-cell and spatial transcriptomics reveal mechanisms of radioresistance and immune escape in recurrent nasopharyngeal carcinoma	Nature Genetics	2025-07-21	10.1038/s41588-025-02253-8	2-major-specialist	Major Nature genetics journal; selected for genomics-method or mechanism relevance and an official full peer-review file.	2025 JIF 25.5; official Nature Portfolio metrics: https://www.nature.com/nature-portfolio/about-journals/journal-metrics (checked 2026-08-22).	spatial	bulk-rna;single-cell	Uses single-cell and spatial transcriptomics with experimental models to nominate and test tumour and immune mechanisms of radioresistance in recurrent nasopharyngeal carcinoma.	https://www.nature.com/articles/s41588-025-02253-8	https://static-content.springer.com/esm/art%3A10.1038%2Fs41588-025-02253-8/MediaObjects/41588_2025_2253_MOESM3_ESM.pdf	Peer Review Information (reviewer reports and author response)	3	2	9f6b4a114d7b3aeaa713b1f6b5ad0bb89df5d86c76c6ffaefaf439a90b52fb5b	58	106481	pypdf-6.10.0 page text; page-indexed reviewer/author-response split; concern-response alignment; semantic audit	VERIFIED_TEXT	EDITOR_NOTE as screened 2026-08-22: 25 May 2026 Editor's Note: readers were alerted that concerns had been raised about the reliability of data in the article; Nature stated that an investigation was ongoing and further editorial action would follow if appropriate. This is an Editor's Note, not a retraction.	ALTERNATIVE_EXPLANATION;FUNCTIONAL_VALIDATION;PERTURBATION_RESCUE;SPATIAL_RESOLUTION_SEGMENTATION;CELL_ANNOTATION_VALIDITY;CELL_CELL_INTERACTION_INFERENCE	1.0.0	INTERPRETABILITY_ALTERNATIVES;MECHANISM_FUNCTION_PERTURBATION;MEASUREMENT_QC_SPATIAL_TRUTH;MULTIOMICS_ALIGNMENT_ANNOTATION	The reviewer asked whether differential survival of MCAM-negative and MCAM-positive CAFs during co-culture could falsely explain the apparent radioresistance effect.	manuscript-grounded-defect	Attribution requires a stable link to the measured object and explicit tests of credible technical or biological alternative explanations.	The authors added multicolour immunofluorescence after co-culture and found similar ex vivo viability and activity in MCAM-negative and MCAM-positive CAFs.	Measure or control the leading technical or biological alternative explanation and report whether it changes the attribution; otherwise retain it as an explicit unresolved boundary.	Optional extension, not a recorded requirement: replicate the spatial pattern across independent specimens and confirm it by orthogonal imaging or staining.	PRF pp.41-42: Authors report the post-co-culture CAF staining and comparable viability and activity for both CAF groups in response Fig. 16.	experiment-or-analysis-added	accept-core-concern|add-targeted-experiment-or-analysis|report-result|anchor-location	The revised article or supplement incorporates the documented analysis, experiment, clarification or claim calibration identified in the response.	ALTERNATIVE_EXPLANATION — When differential survival or activity could explain a co-culture phenotype, measure both candidate cell groups after co-culture before attributing the effect to radioresistance.	public review file p.5	author response in public review file pp.41-42	Omics subcorpus: official article and review PDF verified; page-indexed reviewer/author-response split, concern alignment and semantic audit recorded in the source table.
TPR060	High-definition spatial transcriptomic profiling of immune cell populations in colorectal cancer	Nature Genetics	2025-06-05	10.1038/s41588-025-02193-3	2-major-specialist	Major Nature genetics journal; selected for genomics-method or mechanism relevance and an official full peer-review file.	2025 JIF 25.5; official Nature Portfolio metrics: https://www.nature.com/nature-portfolio/about-journals/journal-metrics (checked 2026-08-22).	spatial	bulk-rna	Applies high-definition spatial transcriptomics to colorectal cancer to map immune populations, cellular neighbourhoods and candidate communication programs.	https://www.nature.com/articles/s41588-025-02193-3	https://static-content.springer.com/esm/art%3A10.1038%2Fs41588-025-02193-3/MediaObjects/41588_2025_2193_MOESM3_ESM.pdf	Peer Review Information (reviewer reports and author response)	3	3	16396c889332bf3814c72c3a473a4f11986c4d6481f2d01fbeffdd6e4d517676	48	114454	pypdf-6.10.0 page text; page-indexed reviewer/author-response split; concern-response alignment; semantic audit	VERIFIED_TEXT	NO_NOTICE_SIGNAL_FOUND as screened 2026-08-22: No targeted post-publication notice signal was found in the checked official page/status metadata and linked correction records as of the checked date; this one-time screen does not establish absence of undisclosed or future concerns.	SPATIAL_RESOLUTION_SEGMENTATION;BENCHMARK_FAIRNESS;CELL_ANNOTATION_VALIDITY;NOVELTY_POSITIONING;ALTERNATIVE_EXPLANATION	1.0.0	MEASUREMENT_QC_SPATIAL_TRUTH;COMPARATOR_CONTROL_ABLATION;MULTIOMICS_ALIGNMENT_ANNOTATION;CONTRIBUTION_CLAIM_CALIBRATION;INTERPRETABILITY_ALTERNATIVES	The reviewer found gland-level marker localization insufficient to establish Visium HD spatial accuracy because the glands were much larger than spots or bins, and requested evidence from additional sharply localized tissue markers.	manuscript-grounded-defect	The claimed object requires valid measurement, transparent QC, physical-resolution and mapping-error bounds, and an appropriate reference standard.	The authors added tertiary-lymph-node and muscularis-mucosae marker analyses, quantified transcripts in source versus adjacent masks, reported 93.3–98.1% source localization and added the results as Supplementary Figure 2.	Report physical resolution and mapping error, test robustness to plausible segmentation, registration or neighbourhood choices, and restrict localization below the supported scale.	Optional extension, not a recorded requirement: replicate the spatial pattern across independent specimens and confirm it by orthogonal imaging or staining.	PRF p.11: Authors added tertiary-lymph-node and muscularis-mucosae marker analyses, quantified transcripts in source versus adjacent masks, reported 93.3–98.1% source localization and added the results as Supplementary Figure 2.	analysis-or-evidence-added	accept-or-partially-accept|add-quantitative-evidence|calibrate-claim|anchor-location	The revised article or supplement incorporates the documented analysis, experiment, clarification or claim calibration identified in the response.	SPATIAL_RESOLUTION_SEGMENTATION — Validate spatial accuracy with sharply localized markers, source-versus-adjacent masks and source-localized transcript fractions, not only organ-scale morphology.	public review file p.4	author response in public review file p.11	Omics subcorpus: official article and review PDF verified; page-indexed reviewer/author-response split, concern alignment and semantic audit recorded in the source table.
TPR061	Multiomic single-cell profiling identifies critical regulators of postnatal brain	Nature Genetics	2025-02-17	10.1038/s41588-025-02083-8	2-major-specialist	Major Nature genetics journal; selected for genomics-method or mechanism relevance and an official full peer-review file.	2025 JIF 25.5; official Nature Portfolio metrics: https://www.nature.com/nature-portfolio/about-journals/journal-metrics (checked 2026-08-22).	multi-omics	single-cell	Combines single-cell transcriptomic and chromatin profiling of postnatal brain to identify candidate regulatory elements and regulators of cell-state maturation.	https://www.nature.com/articles/s41588-025-02083-8	https://static-content.springer.com/esm/art%3A10.1038%2Fs41588-025-02083-8/MediaObjects/41588_2025_2083_MOESM3_ESM.pdf	Peer Review Information (reviewer reports and author response)	4	3	4b402dfdcfe5bd47243adfa657bf6ba3ebe703f57e3702cbc7fbe66dd814f0f9	47	87050	pypdf-6.10.0 page text; page-indexed reviewer/author-response split; concern-response alignment; semantic audit	VERIFIED_TEXT	NO_NOTICE_SIGNAL_FOUND as screened 2026-08-22: No targeted post-publication notice signal was found in the checked official page/status metadata and linked correction records as of the checked date; this one-time screen does not establish absence of undisclosed or future concerns.	CELL_ANNOTATION_VALIDITY;FUNCTIONAL_VALIDATION;MULTIOMICS_INTEGRATION;STATISTICAL_RIGOR;TRAJECTORY_TEMPORAL_CAUSALITY;BENCHMARK_FAIRNESS	1.0.0	MULTIOMICS_ALIGNMENT_ANNOTATION;MECHANISM_FUNCTION_PERTURBATION;STATISTICAL_INFERENCE_CONFOUNDING;COMPARATOR_CONTROL_ABLATION	The reviewer judged pseudotime-supported OPC and oligodendrocyte subtype changes to require histological validation and requested antibody staining or fluorescent in-situ evidence in human brain.	manuscript-grounded-defect	Cross-modal or cell-level interpretation requires traceable matched units, defensible annotation or alignment, and evidence for the claimed bridge.	The authors performed multiplex RNAscope in human dentate gyrus and confirmed distinct OPC and oligodendrocyte populations with subtype-specific marker panels, adding the images and subtype evidence as Supplementary Figure 22.	Support cell labels or states with marker, reference and, where decision-bearing, orthogonal evidence; propagate annotation uncertainty into downstream claims.	Optional extension, not a recorded requirement: establish blockwise incremental value, robustness to integration choices and orthogonal validation of the central bridge.	PRF pp.45-46: Authors performed multiplex RNAscope in human dentate gyrus and confirmed distinct OPC and oligodendrocyte populations with subtype-specific marker panels, adding the images and subtype evidence as Supplementary Figure 22.	experiment-or-analysis-added	accept-core-concern|add-targeted-experiment-or-analysis|report-result|anchor-location	The revised article or supplement incorporates the documented analysis, experiment, clarification or claim calibration identified in the response.	CELL_ANNOTATION_VALIDITY — Orthogonally confirm transcriptomic OPC and oligodendrocyte subtypes with subtype-specific RNAscope markers; this validates subtype presence, not pseudotime direction or function.	public review file p.6	author response in public review file pp.45-46	Omics subcorpus: official article and review PDF verified; page-indexed reviewer/author-response split, concern alignment and semantic audit recorded in the source table.
TPR062	Transcript-specific enrichment enables profiling of rare cell states via single-cell RNA sequencing	Nature Genetics	2025-01-08	10.1038/s41588-024-02036-7	2-major-specialist	Major Nature genetics journal; selected for genomics-method or mechanism relevance and an official full peer-review file.	2025 JIF 25.5; official Nature Portfolio metrics: https://www.nature.com/nature-portfolio/about-journals/journal-metrics (checked 2026-08-22).	single-cell	bulk-rna	Develops transcript-specific enrichment for single-cell RNA sequencing and evaluates whether it sensitively recovers rare cell states that standard profiling misses.	https://www.nature.com/articles/s41588-024-02036-7	https://static-content.springer.com/esm/art%3A10.1038%2Fs41588-024-02036-7/MediaObjects/41588_2024_2036_MOESM3_ESM.pdf	Peer Review Information (reviewer reports and author response)	2	3	4693c6f8c878ac8e452d20838d868a5001596b19838153a53b20377368a6dd08	25	65006	pypdf-6.10.0 page text; page-indexed reviewer/author-response split; concern-response alignment; semantic audit	VERIFIED_TEXT	NO_NOTICE_SIGNAL_FOUND as screened 2026-08-22: No targeted post-publication notice signal was found in the checked official page/status metadata and linked correction records as of the checked date; this one-time screen does not establish absence of undisclosed or future concerns.	VALIDATION_GROUND_TRUTH;CELL_ANNOTATION_VALIDITY;METHODS_REPRODUCIBILITY;FIGURE_CLARITY	1.0.0	MEASUREMENT_QC_SPATIAL_TRUTH;MULTIOMICS_ALIGNMENT_ANNOTATION;REPRODUCIBILITY_OPENNESS;CONTRIBUTION_CLAIM_CALIBRATION	The reviewer questioned the low XIST-positive recovery in dilution experiments and asked whether transcript abundance determines FlowFISH enrichment sensitivity.	manuscript-grounded-defect	The claimed object requires valid measurement, transparent QC, physical-resolution and mapping-error bounds, and an appropriate reference standard.	The authors repeated the XIST dilution benchmark, recovered 47.0% positive events in the intended 50:50 mixture, and added abundance-dependent detection guidance and supporting variable-expression data.	Compare the central output with an appropriate independent reference or orthogonal ground truth, report disagreement as well as agreement, and bound claims to the validated object.	Optional extension, not a recorded requirement: replicate donor-level effects and validate cell identities or states with an independent dataset or assay.	PRF pp.9-10: Authors repeated the XIST dilution benchmark, recovered 47.0% positive events in the intended 50:50 mixture, and added abundance-dependent detection guidance and supporting variable-expression data.	experiment-or-analysis-added	accept-core-concern|add-targeted-experiment-or-analysis|report-result|anchor-location	The revised article or supplement incorporates the documented analysis, experiment, clarification or claim calibration identified in the response.	VALIDATION_GROUND_TRUTH — For FlowFISH, repeat the XIST dilution benchmark and quantify expression-dependent detection sensitivity before giving gene-selection guidance.	public review file p.2	author response in public review file pp.9-10	Omics subcorpus: official article and review PDF verified; page-indexed reviewer/author-response split, concern alignment and semantic audit recorded in the source table.
TPR063	Dissecting tumor transcriptional heterogeneity from single-cell RNA-seq data by generalized binary covariance decomposition	Nature Genetics	2025-01-02	10.1038/s41588-024-01997-z	2-major-specialist	Major Nature genetics journal; selected for genomics-method or mechanism relevance and an official full peer-review file.	2025 JIF 25.5; official Nature Portfolio metrics: https://www.nature.com/nature-portfolio/about-journals/journal-metrics (checked 2026-08-22).	single-cell	bulk-rna	Introduces a generalized binary covariance decomposition of scRNA-seq data to separate tumour transcriptional programs and quantify intratumour heterogeneity.	https://www.nature.com/articles/s41588-024-01997-z	https://static-content.springer.com/esm/art%3A10.1038%2Fs41588-024-01997-z/MediaObjects/41588_2024_1997_MOESM3_ESM.pdf	Peer Review Information (reviewer reports and author response)	2	3	453ce6c4f7e8dfd018ebc56b27a8e5ad3693932d0655fda3eba97de0b6d5565d	12	43338	pypdf-6.10.0 page text; page-indexed reviewer/author-response split; concern-response alignment; semantic audit	VERIFIED_TEXT	NO_NOTICE_SIGNAL_FOUND as screened 2026-08-22: No targeted post-publication notice signal was found in the checked official page/status metadata and linked correction records as of the checked date; this one-time screen does not establish absence of undisclosed or future concerns.	BATCH_CONFOUNDING;GENERALIZABILITY_OOD;BENCHMARK_FAIRNESS;METHODS_REPRODUCIBILITY	1.0.0	STATISTICAL_INFERENCE_CONFOUNDING;EXTERNAL_VALIDATION_ROBUSTNESS;COMPARATOR_CONTROL_ABLATION;REPRODUCIBILITY_OPENNESS	The reviewer asked how recurrent tumour expression programs could be distinguished from batch effects shared by only a subset of tumours or patients.	clarification-needed	The estimand, biological unit, hierarchy, uncertainty, multiplicity, confounding and sensitivity analyses must support the stated inference.	The authors explained that such batch effects can enter the shared-program set, instructed users to compare program membership with batch labels, and identified a cohort-specific program as an explicit dataset-effect example.	Separate batch from biology through design, covariate or sensitivity analysis at the biological unit and lower the claim if the factors are not identifiable.	Optional extension, not a recorded requirement: replicate donor-level effects and validate cell identities or states with an independent dataset or assay.	PRF pp.10-11: Authors explained that such batch effects can enter the shared-program set, instructed users to compare program membership with batch labels, and identified a cohort-specific program as an explicit dataset-effect example.	text-or-claim-revised	clarify-rationale|revise-method-or-claim|state-boundary|anchor-location	The revised article or supplement incorporates the documented analysis, experiment, clarification or claim calibration identified in the response.	BATCH_CONFOUNDING — Compare recurrent expression-program membership with cohort or batch labels and disclose any program consistent with a dataset effect rather than biological recurrence.	public review file p.3	author response in public review file pp.10-11	Omics subcorpus: official article and review PDF verified; page-indexed reviewer/author-response split, concern alignment and semantic audit recorded in the source table.
TPR064	Single-cell RNA sequencing of peripheral blood links cell-type-specific regulation of splicing to autoimmune and inflammatory diseases	Nature Genetics	2024-12-03	10.1038/s41588-024-02019-8	2-major-specialist	Major Nature genetics journal; selected for genomics-method or mechanism relevance and an official full peer-review file.	2025 JIF 25.5; official Nature Portfolio metrics: https://www.nature.com/nature-portfolio/about-journals/journal-metrics (checked 2026-08-22).	single-cell	bulk-rna	Uses peripheral-blood scRNA-seq and genetic association analyses to link cell-type-specific splicing regulation with autoimmune and inflammatory disease risk.	https://www.nature.com/articles/s41588-024-02019-8	https://static-content.springer.com/esm/art%3A10.1038%2Fs41588-024-02019-8/MediaObjects/41588_2024_2019_MOESM3_ESM.pdf	Peer Review Information (reviewer reports and author response)	3	3	8227d7d61b1f91c798de8ab4c1de7b0f063679296b534f790f3e3974264ba769	54	133432	pypdf-6.10.0 page text; page-indexed reviewer/author-response split; concern-response alignment; semantic audit	VERIFIED_TEXT	NO_NOTICE_SIGNAL_FOUND as screened 2026-08-22: No targeted post-publication notice signal was found in the checked official page/status metadata and linked correction records as of the checked date; this one-time screen does not establish absence of undisclosed or future concerns.	GENERALIZABILITY_OOD;MECHANISM_CAUSALITY;STATISTICAL_RIGOR;MULTIPLE_TESTING;BENCHMARK_FAIRNESS;REPLICATION_UNIT	1.0.0	EXTERNAL_VALIDATION_ROBUSTNESS;MECHANISM_FUNCTION_PERTURBATION;STATISTICAL_INFERENCE_CONFOUNDING;COMPARATOR_CONTROL_ABLATION;COHORT_LABEL_UNIT_LEAKAGE	The reviewer asked the authors to distinguish ancestry-biased sQTLs driven by allele-frequency differences from those showing ancestry-dependent effect sizes.	clarification-needed	Generalization and utility claims must match an explicitly shifted independent validation setting and expose robustness and failure boundaries.	The authors stratified the cohort into East, Southeast and South Asian groups, added ancestry-biased cis-sQTL results, and separated signals attributable to higher minor-allele frequency from those attributable to effect-size differences.	Test the locked object in an independent donor, cohort, tissue, platform or condition appropriate to the claim, or state a discovery/proof-of-principle boundary.	Optional extension, not a recorded requirement: replicate donor-level effects and validate cell identities or states with an independent dataset or assay.	PRF pp.27-28: Authors stratified the cohort into East, Southeast and South Asian groups, added ancestry-biased cis-sQTL results, and separated signals attributable to higher minor-allele frequency from those attributable to effect-size differences.	analysis-or-evidence-added	accept-or-partially-accept|add-quantitative-evidence|calibrate-claim|anchor-location	The revised article or supplement incorporates the documented analysis, experiment, clarification or claim calibration identified in the response.	GENERALIZABILITY_OOD — Stratify sQTLs by ancestry and separate allele-frequency enrichment from ancestry-dependent effect-size differences before calling ancestry-biased regulation.	public review file p.4	author response in public review file pp.27-28	Omics subcorpus: official article and review PDF verified; page-indexed reviewer/author-response split, concern alignment and semantic audit recorded in the source table.
TPR065	Single-cell multiomics analysis reveals dynamic clonal evolution and targetable phenotypes in acute myeloid leukemia with complex karyotype	Nature Genetics	2024-11-25	10.1038/s41588-024-01999-x	2-major-specialist	Major Nature genetics journal; selected for genomics-method or mechanism relevance and an official full peer-review file.	2025 JIF 25.5; official Nature Portfolio metrics: https://www.nature.com/nature-portfolio/about-journals/journal-metrics (checked 2026-08-22).	multi-omics	single-cell	Uses single-cell multi-omics to reconstruct clonal evolution and associated targetable phenotypes in complex-karyotype acute myeloid leukaemia.	https://www.nature.com/articles/s41588-024-01999-x	https://static-content.springer.com/esm/art%3A10.1038%2Fs41588-024-01999-x/MediaObjects/41588_2024_1999_MOESM3_ESM.pdf	Peer Review Information (reviewer reports and author response)	6	3	3e8243f57c36a863024c1d02927efcafbbe6c02d2059f6d5697027987c21e095	57	174841	pypdf-6.10.0 page text; page-indexed reviewer/author-response split; concern-response alignment; semantic audit	VERIFIED_TEXT	NO_NOTICE_SIGNAL_FOUND as screened 2026-08-22: No targeted post-publication notice signal was found in the checked official page/status metadata and linked correction records as of the checked date; this one-time screen does not establish absence of undisclosed or future concerns.	MECHANISM_CAUSALITY;CLAIM_CALIBRATION;BENCHMARK_FAIRNESS;CELL_ANNOTATION_VALIDITY;MULTIOMICS_INTEGRATION;STATISTICAL_RIGOR	1.0.0	MECHANISM_FUNCTION_PERTURBATION;CONTRIBUTION_CLAIM_CALIBRATION;COMPARATOR_CONTROL_ABLATION;MULTIOMICS_ALIGNMENT_ANNOTATION;STATISTICAL_INFERENCE_CONFOUNDING	The reviewer argued that small subclones did not establish that complex structural variants cause stemness and identified the reverse causal direction as equally plausible.	manuscript-grounded-defect	Mechanistic language requires an intervention or discriminating orthogonal evidence that addresses credible alternatives and causal boundaries.	The authors expanded the cohort and single-cell analysis, quantified associations between stem-cell scores and structural-variant burden, then explicitly stated that causal direction remains unresolved and revised causal claims accordingly.	Add a discriminating perturbation, target-engagement/control/rescue result, or reduce mechanistic and causal language to the observed association or state change.	Optional extension, not a recorded requirement: establish blockwise incremental value, robustness to integration choices and orthogonal validation of the central bridge.	PRF pp.35-36: Authors expanded the cohort and single-cell analysis, quantified associations between stem-cell scores and structural-variant burden, then explicitly stated that causal direction remains unresolved and revised causal claims accordingly.	analysis-or-evidence-added	accept-or-partially-accept|add-quantitative-evidence|calibrate-claim|anchor-location	The revised article or supplement incorporates the documented analysis, experiment, clarification or claim calibration identified in the response.	MECHANISM_CAUSALITY — Treat structural-variant burden and stemness as an association when reverse causation remains plausible, even after cohort expansion.	public review file p.4	author response in public review file pp.35-36	Omics subcorpus: official article and review PDF verified; page-indexed reviewer/author-response split, concern alignment and semantic audit recorded in the source table.
TPR066	Spatial and single-nucleus transcriptomic analysis of genetic and sporadic forms of Alzheimer’s disease	Nature Genetics	2024-11-22	10.1038/s41588-024-01961-x	2-major-specialist	Major Nature genetics journal; selected for genomics-method or mechanism relevance and an official full peer-review file.	2025 JIF 25.5; official Nature Portfolio metrics: https://www.nature.com/nature-portfolio/about-journals/journal-metrics (checked 2026-08-22).	spatial	bulk-rna;single-cell	Compares spatial and single-nucleus transcriptomes across genetic and sporadic Alzheimer disease to distinguish shared and diagnosis-specific cellular programs.	https://www.nature.com/articles/s41588-024-01961-x	https://static-content.springer.com/esm/art%3A10.1038%2Fs41588-024-01961-x/MediaObjects/41588_2024_1961_MOESM3_ESM.pdf	Peer Review Information (reviewer reports and author response)	1	3	35c1143a69926becb6cefea535f4a98dff6d3a9797015327baff687ea3a64859	37	111947	pypdf-6.10.0 page text; page-indexed reviewer/author-response split; concern-response alignment; semantic audit	VERIFIED_TEXT	NO_NOTICE_SIGNAL_FOUND as screened 2026-08-22: No targeted post-publication notice signal was found in the checked official page/status metadata and linked correction records as of the checked date; this one-time screen does not establish absence of undisclosed or future concerns.	STATISTICAL_RIGOR;MECHANISM_CAUSALITY;REPLICATION_UNIT;BENCHMARK_FAIRNESS;TRAJECTORY_TEMPORAL_CAUSALITY;COHORT_SAMPLE_SIZE	1.0.0	STATISTICAL_INFERENCE_CONFOUNDING;MECHANISM_FUNCTION_PERTURBATION;COHORT_LABEL_UNIT_LEAKAGE;COMPARATOR_CONTROL_ABLATION	The reviewer questioned the power and disease specificity of sex-associated changes and requested comparisons of sex and disease effect sizes beyond AD with Down syndrome.	clarification-needed	The estimand, biological unit, hierarchy, uncertainty, multiplicity, confounding and sensitivity analyses must support the stated inference.	The authors added sex-differential analyses in other Alzheimer groups and 5xFAD data, plotted sex-versus-disease effect sizes for modules and genes, and retained the small biological sample size as an explicit limitation.	State the estimand and biological unit, use an appropriate model and uncertainty estimate, address assumptions and multiplicity, and revise conclusions that fail sensitivity checks.	Optional extension, not a recorded requirement: replicate the spatial pattern across independent specimens and confirm it by orthogonal imaging or staining.	PRF p.12: Authors added sex-differential analyses in other Alzheimer groups and 5xFAD data, plotted sex-versus-disease effect sizes for modules and genes, and retained the small biological sample size as an explicit limitation.	analysis-or-evidence-added	accept-or-partially-accept|add-quantitative-evidence|calibrate-claim|anchor-location	The revised article or supplement incorporates the documented analysis, experiment, clarification or claim calibration identified in the response.	STATISTICAL_RIGOR — Compare sex and disease effect sizes across groups or models and preserve low biological sample size as an explicit limitation.	public review file p.4	author response in public review file p.12	Omics subcorpus: official article and review PDF verified; page-indexed reviewer/author-response split, concern alignment and semantic audit recorded in the source table.
TPR067	Resolving sensitivity, specificity and signal contamination in Xenium spatial transcriptomics	Nature Methods	2026-04-30	10.1038/s41592-026-03089-8	2-major-specialist	Major Nature methods journal; selected for measurement or computational-method relevance and an official full peer-review file.	2025 JIF 28.3; official Nature Portfolio metrics: https://www.nature.com/nature-portfolio/about-journals/journal-metrics (checked 2026-08-22).	spatial	bulk-rna	Benchmarks sensitivity, specificity, doublets and signal contamination in Xenium spatial transcriptomics to define platform-level detection and cell-assignment limits.	https://www.nature.com/articles/s41592-026-03089-8	https://static-content.springer.com/esm/art%3A10.1038%2Fs41592-026-03089-8/MediaObjects/41592_2026_3089_MOESM3_ESM.pdf	Peer Review Information (reviewer reports and author response)	3	4	c25e4baa350ee618b33e5ffd67eafdcff15bdbfe920e1e023406803da18002e5	36	111958	pypdf-6.10.0 page text; page-indexed reviewer/author-response split; concern-response alignment; semantic audit	VERIFIED_TEXT	NO_NOTICE_SIGNAL_FOUND as screened 2026-08-22: No targeted post-publication notice signal was found in the checked official page/status metadata and linked correction records as of the checked date; this one-time screen does not establish absence of undisclosed or future concerns.	CLAIM_CALIBRATION;FIGURE_CLARITY;GENERALIZABILITY_OOD;CELL_ANNOTATION_VALIDITY;BATCH_CONFOUNDING;DATA_CODE_AVAILABILITY	1.0.0	CONTRIBUTION_CLAIM_CALIBRATION;EXTERNAL_VALIDATION_ROBUSTNESS;MULTIOMICS_ALIGNMENT_ANNOTATION;STATISTICAL_INFERENCE_CONFOUNDING;REPRODUCIBILITY_OPENNESS	The reviewer found the singlet/doublet terminology misleading for Xenium cell assignments and recommended pure/mixed terminology.	reviewer-preference	The stated contribution and every material claim must remain a defensible delta within the actual design, evidence, uncertainty and validated scope.	The authors replaced the main terminology with pure and mixed throughout and moved doublet-specific analyses out of the primary presentation.	Rewrite the affected title, abstract, Results and Discussion claims to the strongest level supported by the current design, while adding any existing evidence needed to make that boundary explicit.	Optional extension, not a recorded requirement: replicate the spatial pattern across independent specimens and confirm it by orthogonal imaging or staining.	PRF p.34: Authors replaced the main terminology with pure and mixed throughout and moved doublet-specific analyses out of the primary presentation.	text-or-claim-revised	clarify-rationale|revise-method-or-claim|state-boundary|anchor-location	The revised article or supplement incorporates the documented analysis, experiment, clarification or claim calibration identified in the response.	CLAIM_CALIBRATION — Use pure and mixed for inferred cell assignments and reserve doublet for native doublet-model output.	public review file p.7	author response in public review file p.34	Omics subcorpus: official article and review PDF verified; page-indexed reviewer/author-response split, concern alignment and semantic audit recorded in the source table.
TPR068	3d-OT: a deep geometry-aware framework for heterogeneous slices alignment of spatial multi-omics	Nature Methods	2026-03-27	10.1038/s41592-026-03034-9	2-major-specialist	Major Nature methods journal; selected for measurement or computational-method relevance and an official full peer-review file.	2025 JIF 28.3; official Nature Portfolio metrics: https://www.nature.com/nature-portfolio/about-journals/journal-metrics (checked 2026-08-22).	spatial	multi-omics	Presents 3d-OT, a geometry-aware optimal-transport framework for aligning heterogeneous spatial multi-omics slices, and benchmarks structural and biological conservation.	https://www.nature.com/articles/s41592-026-03034-9	https://static-content.springer.com/esm/art%3A10.1038%2Fs41592-026-03034-9/MediaObjects/41592_2026_3034_MOESM3_ESM.pdf	Peer Review Information (reviewer reports and author response)	4	4	eccf5ac3f8d0763abad1a48cbd933e2a8a134e06604a22ed703cb2e90e11ae0b	68	148085	pypdf-6.10.0 page text; page-indexed reviewer/author-response split; concern-response alignment; semantic audit	VERIFIED_TEXT	NO_NOTICE_SIGNAL_FOUND as screened 2026-08-22: No targeted post-publication notice signal was found in the checked official page/status metadata and linked correction records as of the checked date; this one-time screen does not establish absence of undisclosed or future concerns.	MULTIOMICS_INTEGRATION;MECHANISM_CAUSALITY;BENCHMARK_FAIRNESS;DATA_CODE_AVAILABILITY;QC_PREPROCESSING;METHODS_REPRODUCIBILITY	1.0.0	MULTIOMICS_ALIGNMENT_ANNOTATION;MECHANISM_FUNCTION_PERTURBATION;COMPARATOR_CONTROL_ABLATION;REPRODUCIBILITY_OPENNESS;MEASUREMENT_QC_SPATIAL_TRUTH	The reviewer noted that the multi-omics alignment claim rested largely on single-omics slice alignment and requested genuine multi-omics slice benchmarks.	manuscript-grounded-defect	Cross-modal or cell-level interpretation requires traceable matched units, defensible annotation or alignment, and evidence for the claimed bridge.	The authors added mouse-brain epigenomic-pair and mouse-spleen transcriptome-proteome alignment datasets, compared five baselines, and evaluated 3d-OT with one versus both modalities.	Preserve the matched sample intersection, compare unimodal and integrated models, test integration sensitivity and validate the biological meaning of the claimed cross-modal bridge.	Optional extension, not a recorded requirement: replicate the spatial pattern across independent specimens and confirm it by orthogonal imaging or staining.	PRF pp.24-25: Authors report the new multi-omics slice benchmarks, five comparator methods and superior performance of the two-modality 3d-OT configuration.	experiment-or-analysis-added	accept-core-concern|add-targeted-experiment-or-analysis|report-result|anchor-location	The revised article or supplement incorporates the documented analysis, experiment, clarification or claim calibration identified in the response.	MULTIOMICS_INTEGRATION — Benchmark cross-modal slice alignment on genuinely paired multi-omics slices and include one-versus-both-modality ablations.	public review file pp.2-3	author response in public review file pp.24-25	Omics subcorpus: official article and review PDF verified; page-indexed reviewer/author-response split, concern alignment and semantic audit recorded in the source table.
TPR069	SpaceBar enables single-cell-resolution clone tracing with imaging-based spatial transcriptomics	Nature Methods	2025-12-18	10.1038/s41592-025-02968-w	2-major-specialist	Major Nature methods journal; selected for measurement or computational-method relevance and an official full peer-review file.	2025 JIF 28.3; official Nature Portfolio metrics: https://www.nature.com/nature-portfolio/about-journals/journal-metrics (checked 2026-08-22).	spatial	bulk-rna;single-cell;imaging	Develops SpaceBar for clone tracing at single-cell resolution with imaging-based spatial transcriptomics and tests recovery of clonal organization across tissues.	https://www.nature.com/articles/s41592-025-02968-w	https://static-content.springer.com/esm/art%3A10.1038%2Fs41592-025-02968-w/MediaObjects/41592_2025_2968_MOESM3_ESM.pdf	Peer Review Information (reviewer reports and author response)	4	3	b2414bfd676915d70f2f6f1b42d82c611022bf6d9d694e50d5e1063d06d55dfc	39	118305	pypdf-6.10.0 page text; page-indexed reviewer/author-response split; concern-response alignment; semantic audit	VERIFIED_TEXT	NO_NOTICE_SIGNAL_FOUND as screened 2026-08-22: No targeted post-publication notice signal was found in the checked official page/status metadata and linked correction records as of the checked date; this one-time screen does not establish absence of undisclosed or future concerns.	QC_PREPROCESSING;GENERALIZABILITY_OOD;FUNCTIONAL_VALIDATION;REPLICATION_UNIT;BENCHMARK_FAIRNESS;DATA_CODE_AVAILABILITY	1.0.0	MEASUREMENT_QC_SPATIAL_TRUTH;EXTERNAL_VALIDATION_ROBUSTNESS;MECHANISM_FUNCTION_PERTURBATION;COHORT_LABEL_UNIT_LEAKAGE;COMPARATOR_CONTROL_ABLATION;REPRODUCIBILITY_OPENNESS	The reviewer asked why barcode detection was much lower in vivo than in vitro and what controls barcode expression across these settings.	clarification-needed	The claimed object requires valid measurement, transparent QC, physical-resolution and mapping-error bounds, and an appropriate reference standard.	The authors compared barcode and endogenous-gene spot-count distributions across in-vitro and in-vivo samples, quantified the expression shift and added an explanation of the setting-dependent detection difference.	Report QC thresholds, exclusions, versions and preprocessing choices, test consequential alternatives, and show whether the headline result survives.	Optional extension, not a recorded requirement: replicate the spatial pattern across independent specimens and confirm it by orthogonal imaging or staining.	PRF pp.22-23: Authors compared barcode and endogenous-gene spot-count distributions across in-vitro and in-vivo samples, quantified the expression shift and added an explanation of the setting-dependent detection difference.	analysis-or-evidence-added	accept-or-partially-accept|add-quantitative-evidence|calibrate-claim|anchor-location	The revised article or supplement incorporates the documented analysis, experiment, clarification or claim calibration identified in the response.	QC_PREPROCESSING — Quantify barcode and endogenous-gene detection across in-vitro and in-vivo settings and explain technical or biological sources of the shift before interpreting low capture.	public review file p.5	author response in public review file pp.22-23	Omics subcorpus: official article and review PDF verified; page-indexed reviewer/author-response split, concern alignment and semantic audit recorded in the source table.
TPR070	Benchmarking algorithms for generalizable single-cell perturbation response prediction	Nature Methods	2025-12-11	10.1038/s41592-025-02980-0	2-major-specialist	Major Nature methods journal; selected for measurement or computational-method relevance and an official full peer-review file.	2025 JIF 28.3; official Nature Portfolio metrics: https://www.nature.com/nature-portfolio/about-journals/journal-metrics (checked 2026-08-22).	perturbation	single-cell	Benchmarks single-cell perturbation-response prediction algorithms across datasets, metrics and distribution shifts to define when apparent generalization is reliable.	https://www.nature.com/articles/s41592-025-02980-0	https://static-content.springer.com/esm/art%3A10.1038%2Fs41592-025-02980-0/MediaObjects/41592_2025_2980_MOESM3_ESM.pdf	Peer Review Information (reviewer reports and author response)	4	2	f41119bdffdc9a828f717471710dd61b5b7031386893cfe5809e3c516ba6ae32	94	208835	pypdf-6.10.0 page text; page-indexed reviewer/author-response split; concern-response alignment; semantic audit	VERIFIED_TEXT	NO_NOTICE_SIGNAL_FOUND as screened 2026-08-22: No targeted post-publication notice signal was found in the checked official page/status metadata and linked correction records as of the checked date; this one-time screen does not establish absence of undisclosed or future concerns.	BENCHMARK_FAIRNESS;PERTURBATION_RESCUE;GENERALIZABILITY_OOD;VALIDATION_GROUND_TRUTH;EXTERNAL_VALIDATION;QC_PREPROCESSING	1.0.0	COMPARATOR_CONTROL_ABLATION;MECHANISM_FUNCTION_PERTURBATION;EXTERNAL_VALIDATION_ROBUSTNESS;MEASUREMENT_QC_SPATIAL_TRUTH	The reviewer requested dataset-level characterization of sparsity, size, perturbation magnitude and noise, plus tests of how those properties alter perturbation-response prediction.	manuscript-grounded-defect	Incremental value must be separated from simpler baselines, controls and component or modality effects under matched, fair comparisons.	The authors added a dataset-characteristics table, quantified sparsity, size and perturbation magnitude, generated controlled noise and sparsity simulations, and evaluated their effects across six prediction metrics.	Evaluate the nearest applicable baseline under matched samples, preprocessing, information, tuning and metrics; report the comparison and change the contribution claim if the gain does not persist.	Optional extension, not a recorded requirement: add dose-time, target-engagement, off-target and rescue evidence appropriate to the causal claim.	PRF pp.24-25: Authors added a dataset-characteristics table, quantified sparsity, size and perturbation magnitude, generated controlled noise and sparsity simulations, and evaluated their effects across six prediction metrics.	analysis-or-evidence-added	accept-or-partially-accept|add-quantitative-evidence|calibrate-claim|anchor-location	The revised article or supplement incorporates the documented analysis, experiment, clarification or claim calibration identified in the response.	BENCHMARK_FAIRNESS — Characterize dataset sparsity, size, perturbation magnitude and noise, then vary those properties in controlled simulations and report metric-specific performance changes.	public review file p.4	author response in public review file pp.24-25	Omics subcorpus: official article and review PDF verified; page-indexed reviewer/author-response split, concern alignment and semantic audit recorded in the source table.
TPR071	Novae: a graph-based foundation model for spatial transcriptomics data	Nature Methods	2025-12-10	10.1038/s41592-025-02899-6	2-major-specialist	Major Nature methods journal; selected for measurement or computational-method relevance and an official full peer-review file.	2025 JIF 28.3; official Nature Portfolio metrics: https://www.nature.com/nature-portfolio/about-journals/journal-metrics (checked 2026-08-22).	spatial	bulk-rna	Introduces Novae, a graph foundation model for spatial transcriptomics, and evaluates transferable representations across tissues, technologies and biological tasks.	https://www.nature.com/articles/s41592-025-02899-6	https://static-content.springer.com/esm/art%3A10.1038%2Fs41592-025-02899-6/MediaObjects/41592_2025_2899_MOESM3_ESM.pdf	Peer Review Information (reviewer reports and author response)	4	2	6ab0a39bbc5e1dbbb40b1b67b7b4706ff8b5a1ed765c060bd00915eab3011a0b	44	125920	pypdf-6.10.0 page text; page-indexed reviewer/author-response split; concern-response alignment; semantic audit	VERIFIED_TEXT	NO_NOTICE_SIGNAL_FOUND as screened 2026-08-22: No targeted post-publication notice signal was found in the checked official page/status metadata and linked correction records as of the checked date; this one-time screen does not establish absence of undisclosed or future concerns.	GENERALIZABILITY_OOD;BENCHMARK_FAIRNESS;SPATIAL_RESOLUTION_SEGMENTATION;BATCH_CONFOUNDING;METHODS_REPRODUCIBILITY;DATA_CODE_AVAILABILITY	1.0.0	EXTERNAL_VALIDATION_ROBUSTNESS;COMPARATOR_CONTROL_ABLATION;MEASUREMENT_QC_SPATIAL_TRUTH;STATISTICAL_INFERENCE_CONFOUNDING;REPRODUCIBILITY_OPENNESS	The reviewer requested a cross-tissue audit of learned prototypes, including tissue-specific basis patterns, outliers and transfer from one tissue set to another.	optional-strengthening	Generalization and utility claims must match an explicitly shifted independent validation setting and expose robustness and failure boundaries.	The authors explained how Figure 2 exposes per-tissue prototype use and outliers, identified uterine and whole-mouse examples, and revised Results section 2.2 to make the cross-tissue interpretation explicit.	Test the locked object in an independent donor, cohort, tissue, platform or condition appropriate to the claim, or state a discovery/proof-of-principle boundary.	Optional extension, not a recorded requirement: replicate the spatial pattern across independent specimens and confirm it by orthogonal imaging or staining.	PRF p.22: Authors explained how Figure 2 exposes per-tissue prototype use and outliers, identified uterine and whole-mouse examples, and revised Results section 2.2 to make the cross-tissue interpretation explicit.	text-or-claim-revised	clarify-rationale|revise-method-or-claim|state-boundary|anchor-location	The revised article or supplement incorporates the documented analysis, experiment, clarification or claim calibration identified in the response.	GENERALIZABILITY_OOD — Expose tissue-specific prototype use and outliers in the analysed data; do not claim cross-tissue transfer unless an explicit held-out transfer test was performed.	public review file p.4	author response in public review file p.22	Omics subcorpus: official article and review PDF verified; page-indexed reviewer/author-response split, concern alignment and semantic audit recorded in the source table.
TPR072	STORIES: learning cell fate landscapes from spatial transcriptomics using optimal transport	Nature Methods	2025-11-03	10.1038/s41592-025-02855-4	2-major-specialist	Major Nature methods journal; selected for measurement or computational-method relevance and an official full peer-review file.	2025 JIF 28.3; official Nature Portfolio metrics: https://www.nature.com/nature-portfolio/about-journals/journal-metrics (checked 2026-08-22).	spatial	bulk-rna	Develops STORIES to infer spatial cell-fate landscapes with optimal transport and evaluates whether inferred transitions agree with temporal or lineage evidence.	https://www.nature.com/articles/s41592-025-02855-4	https://static-content.springer.com/esm/art%3A10.1038%2Fs41592-025-02855-4/MediaObjects/41592_2025_2855_MOESM3_ESM.pdf	Peer Review Information (reviewer reports and author response)	3	2	743ab325b0d75434944d4d4f60bd05d8c737f6bf0607cf72880f7d6db5467c9f	21	67162	pypdf-6.10.0 page text; page-indexed reviewer/author-response split; concern-response alignment; semantic audit	VERIFIED_TEXT	NO_NOTICE_SIGNAL_FOUND as screened 2026-08-22: No targeted post-publication notice signal was found in the checked official page/status metadata and linked correction records as of the checked date; this one-time screen does not establish absence of undisclosed or future concerns.	BENCHMARK_FAIRNESS;TRAJECTORY_TEMPORAL_CAUSALITY;VALIDATION_GROUND_TRUTH;GENERALIZABILITY_OOD;CELL_CELL_INTERACTION_INFERENCE;DATA_CODE_AVAILABILITY	1.0.0	COMPARATOR_CONTROL_ABLATION;MECHANISM_FUNCTION_PERTURBATION;MEASUREMENT_QC_SPATIAL_TRUTH;EXTERNAL_VALIDATION_ROBUSTNESS;MULTIOMICS_ALIGNMENT_ANNOTATION;REPRODUCIBILITY_OPENNESS	The reviewer found the spatial component gain unconvincing because gene-expression prediction improved in only one of six original cases.	manuscript-grounded-defect	Incremental value must be separated from simpler baselines, controls and component or modality effects under matched, fair comparisons.	The authors added Wasserstein-expression and cell-type-transition benchmarks against PRESCIENT and the alpha=0 ablation, reporting improved median spatial and expression error in four of six settings.	Evaluate the nearest applicable baseline under matched samples, preprocessing, information, tuning and metrics; report the comparison and change the contribution claim if the gain does not persist.	Optional extension, not a recorded requirement: replicate the spatial pattern across independent specimens and confirm it by orthogonal imaging or staining.	PRF pp.10-11: Authors report the revised PRESCIENT and alpha=0 comparisons, the four-of-six median improvements and an added mouse cell-transition evaluation.	analysis-or-evidence-added	accept-or-partially-accept|add-quantitative-evidence|calibrate-claim|anchor-location	The revised article or supplement incorporates the documented analysis, experiment, clarification or claim calibration identified in the response.	BENCHMARK_FAIRNESS — Compare the spatial model against its alpha=0 ablation and a current comparator on both spatial and expression errors, and report where the spatial term improves both.	public review file p.3	author response in public review file pp.10-11	Omics subcorpus: official article and review PDF verified; page-indexed reviewer/author-response split, concern alignment and semantic audit recorded in the source table.
TPR073	Nicheformer: a foundation model for single-cell and spatial omics	Nature Methods	2025-10-30	10.1038/s41592-025-02814-z	2-major-specialist	Major Nature methods journal; selected for measurement or computational-method relevance and an official full peer-review file.	2025 JIF 28.3; official Nature Portfolio metrics: https://www.nature.com/nature-portfolio/about-journals/journal-metrics (checked 2026-08-22).	spatial	single-cell	Introduces Nicheformer, a foundation model pretrained on single-cell and spatial omics, and benchmarks transfer to annotation, niche and perturbation-related tasks.	https://www.nature.com/articles/s41592-025-02814-z	https://static-content.springer.com/esm/art%3A10.1038%2Fs41592-025-02814-z/MediaObjects/41592_2025_2814_MOESM3_ESM.pdf	Peer Review Information (reviewer reports and author response)	3	2	dfcb186c871afbdc87f468a23015df60add5de728222ad37f872860edce6fc33	51	142661	pypdf-6.10.0 page text; page-indexed reviewer/author-response split; concern-response alignment; semantic audit	VERIFIED_TEXT	NO_NOTICE_SIGNAL_FOUND as screened 2026-08-22: No targeted post-publication notice signal was found in the checked official page/status metadata and linked correction records as of the checked date; this one-time screen does not establish absence of undisclosed or future concerns.	BENCHMARK_FAIRNESS;PERTURBATION_RESCUE;CELL_ANNOTATION_VALIDITY;MULTIPLE_TESTING;STATISTICAL_RIGOR;EXTERNAL_VALIDATION	1.0.0	COMPARATOR_CONTROL_ABLATION;MECHANISM_FUNCTION_PERTURBATION;MULTIOMICS_ALIGNMENT_ANNOTATION;STATISTICAL_INFERENCE_CONFOUNDING;EXTERNAL_VALIDATION_ROBUSTNESS	The reviewer noted that CellPLM covers comparable tasks and requested benchmarking against its current implementation rather than an outdated or narrower comparator.	manuscript-grounded-defect	Incremental value must be separated from simpler baselines, controls and component or modality effects under matched, fair comparisons.	The authors used the latest official CellPLM checkpoint and added liver, lung and brain niche classification or regression comparisons under the reported downstream tasks.	Evaluate the nearest applicable baseline under matched samples, preprocessing, information, tuning and metrics; report the comparison and change the contribution claim if the gain does not persist.	Optional extension, not a recorded requirement: replicate the spatial pattern across independent specimens and confirm it by orthogonal imaging or staining.	PRF p.20: Authors used the latest official CellPLM checkpoint and added liver, lung and brain niche classification or regression comparisons under the reported downstream tasks.	experiment-or-analysis-added	accept-core-concern|add-targeted-experiment-or-analysis|report-result|anchor-location	The revised article or supplement incorporates the documented analysis, experiment, clarification or claim calibration identified in the response.	BENCHMARK_FAIRNESS — Benchmark against the current official comparator checkpoint on matched downstream tasks and tissues.	public review file p.4	author response in public review file p.20	Omics subcorpus: official article and review PDF verified; page-indexed reviewer/author-response split, concern alignment and semantic audit recorded in the source table.
TPR074	PHLOWER leverages single-cell multimodal data to infer complex, multi-branching cell differentiation trajectories	Nature Methods	2025-10-23	10.1038/s41592-025-02870-5	2-major-specialist	Major Nature methods journal; selected for measurement or computational-method relevance and an official full peer-review file.	2025 JIF 28.3; official Nature Portfolio metrics: https://www.nature.com/nature-portfolio/about-journals/journal-metrics (checked 2026-08-22).	multi-omics	single-cell	Develops PHLOWER to infer complex branching differentiation trajectories from multimodal single-cell data and tests the inferred topology in simulated and biological systems.	https://www.nature.com/articles/s41592-025-02870-5	https://static-content.springer.com/esm/art%3A10.1038%2Fs41592-025-02870-5/MediaObjects/41592_2025_2870_MOESM3_ESM.pdf	Peer Review Information (reviewer reports and author response)	3	3	34963d9ec8d6c149272c280c1251ee4a0612e5673c1d8278ef600fa453b2ac98	28	87605	pypdf-6.10.0 page text; page-indexed reviewer/author-response split; concern-response alignment; semantic audit	VERIFIED_TEXT	NO_NOTICE_SIGNAL_FOUND as screened 2026-08-22: No targeted post-publication notice signal was found in the checked official page/status metadata and linked correction records as of the checked date; this one-time screen does not establish absence of undisclosed or future concerns.	VALIDATION_GROUND_TRUTH;FUNCTIONAL_VALIDATION;BENCHMARK_FAIRNESS;MULTIOMICS_INTEGRATION;TRAJECTORY_TEMPORAL_CAUSALITY;DATA_CODE_AVAILABILITY	1.0.0	MEASUREMENT_QC_SPATIAL_TRUTH;MECHANISM_FUNCTION_PERTURBATION;COMPARATOR_CONTROL_ABLATION;MULTIOMICS_ALIGNMENT_ANNOTATION;REPRODUCIBILITY_OPENNESS	The reviewer argued that simulated trees and post-hoc cell labels gave an overly favorable trajectory evaluation and requested real Dynverse benchmarks.	manuscript-grounded-defect	The claimed object requires valid measurement, transparent QC, physical-resolution and mapping-error bounds, and an appropriate reference standard.	The authors added twenty real Dynverse datasets plus two complex RNA-velocity datasets, evaluated both tree recovery and cell allocation, and reported the expanded real-data benchmarks in new main and supplementary figures.	Compare the central output with an appropriate independent reference or orthogonal ground truth, report disagreement as well as agreement, and bound claims to the validated object.	Optional extension, not a recorded requirement: establish blockwise incremental value, robustness to integration choices and orthogonal validation of the central bridge.	PRF pp.12-13: Authors added twenty real Dynverse datasets plus two complex RNA-velocity datasets, evaluated both tree recovery and cell allocation, and reported the expanded real-data benchmarks in new main and supplementary figures.	experiment-or-analysis-added	accept-core-concern|add-targeted-experiment-or-analysis|report-result|anchor-location	The revised article or supplement incorporates the documented analysis, experiment, clarification or claim calibration identified in the response.	VALIDATION_GROUND_TRUTH — Evaluate trajectories on real Dynverse and RNA-velocity datasets and score both tree recovery and cell allocation rather than only favourable simulations.	public review file p.2	author response in public review file pp.12-13	Omics subcorpus: official article and review PDF verified; page-indexed reviewer/author-response split, concern alignment and semantic audit recorded in the source table.
TPR075	scooby: modeling multimodal genomic profiles from DNA sequence at single-cell resolution	Nature Methods	2025-10-22	10.1038/s41592-025-02854-5	2-major-specialist	Major Nature methods journal; selected for measurement or computational-method relevance and an official full peer-review file.	2025 JIF 28.3; official Nature Portfolio metrics: https://www.nature.com/nature-portfolio/about-journals/journal-metrics (checked 2026-08-22).	multi-omics	single-cell	Presents scooby, a sequence-to-profile model for cell-resolved multimodal genomics, and evaluates prediction across cell types, donors and genomic regulatory tasks.	https://www.nature.com/articles/s41592-025-02854-5	https://static-content.springer.com/esm/art%3A10.1038%2Fs41592-025-02854-5/MediaObjects/41592_2025_2854_MOESM3_ESM.pdf	Peer Review Information (reviewer reports and author response)	3	2	a32eaad05d1c3a60437355f078acad954e99b59044bbfb94468cac63e51c1145	15	47718	pypdf-6.10.0 page text; page-indexed reviewer/author-response split; concern-response alignment; semantic audit	VERIFIED_TEXT	NO_NOTICE_SIGNAL_FOUND as screened 2026-08-22: No targeted post-publication notice signal was found in the checked official page/status metadata and linked correction records as of the checked date; this one-time screen does not establish absence of undisclosed or future concerns.	GENERALIZABILITY_OOD;BENCHMARK_FAIRNESS;MECHANISM_CAUSALITY;VALIDATION_GROUND_TRUTH;MODEL_REPORTING_REPRODUCIBILITY;DATA_CODE_AVAILABILITY	1.0.0	EXTERNAL_VALIDATION_ROBUSTNESS;COMPARATOR_CONTROL_ABLATION;MECHANISM_FUNCTION_PERTURBATION;MEASUREMENT_QC_SPATIAL_TRUTH;REPRODUCIBILITY_OPENNESS	The reviewer argued that scooby was better justified for interpreting profiled cell states than for out-of-distribution prediction and requested simple and current eQTL baselines.	manuscript-grounded-defect	Generalization and utility claims must match an explicitly shifted independent validation setting and expose robustness and failure boundaries.	The authors reframed scooby toward within-dataset modelling, trained on 1.2 million OneK1K PBMC cells from 982 donors, and added expression-, accessibility- and track-matched Borzoi eQTL baselines.	Test the locked object in an independent donor, cohort, tissue, platform or condition appropriate to the claim, or state a discovery/proof-of-principle boundary.	Optional extension, not a recorded requirement: establish blockwise incremental value, robustness to integration choices and orthogonal validation of the central bridge.	PRF pp.10-12: Authors narrow the generalization claim and report the OneK1K analysis plus expression, accessibility and track-matched Borzoi baselines.	analysis-or-evidence-added	accept-or-partially-accept|add-quantitative-evidence|calibrate-claim|anchor-location	The revised article or supplement incorporates the documented analysis, experiment, clarification or claim calibration identified in the response.	GENERALIZABILITY_OOD — Frame scooby as within-dataset modelling or interpretation unless out-of-distribution transfer is tested, and benchmark eQTL claims against expression, accessibility and current sequence-model baselines.	public review file pp.3-4	author response in public review file pp.10-12	Omics subcorpus: official article and review PDF verified; page-indexed reviewer/author-response split, concern alignment and semantic audit recorded in the source table.
TPR076	Multitask benchmarking of single-cell multimodal omics integration methods	Nature Methods	2025-10-13	10.1038/s41592-025-02856-3	2-major-specialist	Major Nature methods journal; selected for measurement or computational-method relevance and an official full peer-review file.	2025 JIF 28.3; official Nature Portfolio metrics: https://www.nature.com/nature-portfolio/about-journals/journal-metrics (checked 2026-08-22).	multi-omics	single-cell	Performs multitask benchmarking of single-cell multimodal integration methods using ground-truth, biological-conservation and batch-removal criteria.	https://www.nature.com/articles/s41592-025-02856-3	https://static-content.springer.com/esm/art%3A10.1038%2Fs41592-025-02856-3/MediaObjects/41592_2025_2856_MOESM3_ESM.pdf	Peer Review Information (reviewer reports and author response)	5	3	abf4a10592b20b487c4112d21b3b2d6430d18300a76d53f2fb7b4509db1466ed	27	93338	pypdf-6.10.0 page text; page-indexed reviewer/author-response split; concern-response alignment; semantic audit	VERIFIED_TEXT	NO_NOTICE_SIGNAL_FOUND as screened 2026-08-22: No targeted post-publication notice signal was found in the checked official page/status metadata and linked correction records as of the checked date; this one-time screen does not establish absence of undisclosed or future concerns.	VALIDATION_GROUND_TRUTH;MULTIOMICS_INTEGRATION;BENCHMARK_FAIRNESS;CELL_ANNOTATION_VALIDITY;METHODS_REPRODUCIBILITY;SPATIAL_RESOLUTION_SEGMENTATION	1.0.0	MEASUREMENT_QC_SPATIAL_TRUTH;MULTIOMICS_ALIGNMENT_ANNOTATION;COMPARATOR_CONTROL_ABLATION;REPRODUCIBILITY_OPENNESS	The reviewer asked what is treated as ground truth in the multimodal benchmark and how evaluation bias would be handled when ground truth is unavailable.	manuscript-grounded-defect	The claimed object requires valid measurement, transparent QC, physical-resolution and mapping-error bounds, and an appropriate reference standard.	The authors revised the registered benchmarking protocol to add data cleaning and reannotation with manual verification, label-independent simulations, and explicit documentation of source annotation procedures.	Compare the central output with an appropriate independent reference or orthogonal ground truth, report disagreement as well as agreement, and bound claims to the validated object.	Optional extension, not a recorded requirement: establish blockwise incremental value, robustness to integration choices and orthogonal validation of the central bridge.	PRF p.15: Authors revised the registered benchmarking protocol to add data cleaning and reannotation with manual verification, label-independent simulations, and explicit documentation of source annotation procedures.	text-or-claim-revised	clarify-rationale|revise-method-or-claim|state-boundary|anchor-location	The revised article or supplement incorporates the documented analysis, experiment, clarification or claim calibration identified in the response.	VALIDATION_GROUND_TRUTH — Register annotation provenance, cleaning, reannotation and manual verification, and add label-independent simulations when true labels are unavailable; do not call curated labels untouched ground truth.	public review file p.3	author response in public review file p.15	Omics subcorpus: official article and review PDF verified; page-indexed reviewer/author-response split, concern alignment and semantic audit recorded in the source table.
TPR077	Cancer subclone detection based on DNA copy number in single-cell and spatial omic sequencing data	Nature Methods	2025-09-15	10.1038/s41592-025-02773-5	2-major-specialist	Major Nature methods journal; selected for measurement or computational-method relevance and an official full peer-review file.	2025 JIF 28.3; official Nature Portfolio metrics: https://www.nature.com/nature-portfolio/about-journals/journal-metrics (checked 2026-08-22).	spatial	single-cell	Develops a method to detect cancer subclones from DNA-copy-number patterns in single-cell and spatial omics and evaluates concordance with orthogonal genomic references.	https://www.nature.com/articles/s41592-025-02773-5	https://static-content.springer.com/esm/art%3A10.1038%2Fs41592-025-02773-5/MediaObjects/41592_2025_2773_MOESM3_ESM.pdf	Peer Review Information (reviewer reports and author response)	6	2	38675938cf14d6b9fcf162ff6a6d7f7e213d4bda02cbf1ac1997ee4e333f5c07	67	172049	pypdf-6.10.0 page text; page-indexed reviewer/author-response split; concern-response alignment; semantic audit	VERIFIED_TEXT	NO_NOTICE_SIGNAL_FOUND as screened 2026-08-22: No targeted post-publication notice signal was found in the checked official page/status metadata and linked correction records as of the checked date; this one-time screen does not establish absence of undisclosed or future concerns.	BENCHMARK_FAIRNESS;VALIDATION_GROUND_TRUTH;REPLICATION_UNIT;CELL_ANNOTATION_VALIDITY;GENERALIZABILITY_OOD;QC_PREPROCESSING	1.0.0	COMPARATOR_CONTROL_ABLATION;MEASUREMENT_QC_SPATIAL_TRUTH;COHORT_LABEL_UNIT_LEAKAGE;MULTIOMICS_ALIGNMENT_ANNOTATION;EXTERNAL_VALIDATION_ROBUSTNESS	The reviewer considered four tumour samples insufficient for fair benchmarking and requested more datasets and comparison strategies.	manuscript-grounded-defect	Incremental value must be separated from simpler baselines, controls and component or modality effects under matched, fair comparisons.	The authors added three spatial datasets, analyses with and without matched bulk DNA, spot-level pathology labels and a spatial STARCH comparison; most Clonalscope DNA correlations were about 0.75 or higher.	Evaluate the nearest applicable baseline under matched samples, preprocessing, information, tuning and metrics; report the comparison and change the contribution claim if the gain does not persist.	Optional extension, not a recorded requirement: replicate the spatial pattern across independent specimens and confirm it by orthogonal imaging or staining.	PRF pp.26-28: Authors report the expanded seven-sample benchmark, matched and unmatched DNA analyses, pathologist annotations and a spatial-method comparison.	experiment-or-analysis-added	accept-core-concern|add-targeted-experiment-or-analysis|report-result|anchor-location	The revised article or supplement incorporates the documented analysis, experiment, clarification or claim calibration identified in the response.	BENCHMARK_FAIRNESS — Expand tumour and spatial datasets, compare with and without matched bulk DNA, and add pathology and spatial comparators before making broad performance claims.	public review file p.2	author response in public review file pp.26-28	Omics subcorpus: official article and review PDF verified; page-indexed reviewer/author-response split, concern alignment and semantic audit recorded in the source table.
TPR078	SpotSweeper: spatially aware quality control for spatial transcriptomics	Nature Methods	2025-06-06	10.1038/s41592-025-02713-3	2-major-specialist	Major Nature methods journal; selected for measurement or computational-method relevance and an official full peer-review file.	2025 JIF 28.3; official Nature Portfolio metrics: https://www.nature.com/nature-portfolio/about-journals/journal-metrics (checked 2026-08-22).	spatial	bulk-rna	Introduces SpotSweeper for spatially aware quality control of spatial transcriptomics and tests whether it detects local artefacts without deleting true tissue structure.	https://www.nature.com/articles/s41592-025-02713-3	https://static-content.springer.com/esm/art%3A10.1038%2Fs41592-025-02713-3/MediaObjects/41592_2025_2713_MOESM3_ESM.pdf	Peer Review Information (reviewer reports and author response)	4	3	ae3ebeb4c7c4a551f8112a22993abbb67fb7353968cf894d620b6b11551afc24	35	96583	pypdf-6.10.0 page text; page-indexed reviewer/author-response split; concern-response alignment; semantic audit	VERIFIED_TEXT	NO_NOTICE_SIGNAL_FOUND as screened 2026-08-22: No targeted post-publication notice signal was found in the checked official page/status metadata and linked correction records as of the checked date; this one-time screen does not establish absence of undisclosed or future concerns.	METHODS_REPRODUCIBILITY;SPATIAL_RESOLUTION_SEGMENTATION;GENERALIZABILITY_OOD;BENCHMARK_FAIRNESS;QC_PREPROCESSING;DATA_CODE_AVAILABILITY	1.0.0	REPRODUCIBILITY_OPENNESS;MEASUREMENT_QC_SPATIAL_TRUTH;EXTERNAL_VALIDATION_ROBUSTNESS;COMPARATOR_CONTROL_ABLATION	The reviewer found the neighbourhood and multiscale parameter choices insufficiently justified and requested systematic robustness evidence.	manuscript-grounded-defect	The cohort, split, assay, model and analysis must be reconstructable from versioned methods and accessible artifacts or explicit restrictions.	The authors added three sensitivity analyses: Visium local-outlier calls were stable from second- through fifth-order neighbours but spuriously inflated at first order; Xenium calls were stable at 50 or more neighbours; and hangnail detection supported the recommended first-through-fifth-order multiscale setting.	Provide versioned cohort, split, assay, model, code and parameter details plus usable artifacts or explicit access restrictions sufficient for reconstruction.	Optional extension, not a recorded requirement: replicate the spatial pattern across independent specimens and confirm it by orthogonal imaging or staining.	PRF pp.30-33: Authors report the Visium, Xenium and hangnail parameter-sensitivity analyses and derive platform-specific defaults from the stable ranges.	experiment-or-analysis-added	accept-core-concern|add-targeted-experiment-or-analysis|report-result|anchor-location	The revised article or supplement incorporates the documented analysis, experiment, clarification or claim calibration identified in the response.	METHODS_REPRODUCIBILITY — Justify neighbourhood defaults with platform-specific sensitivity analyses: distinguish stable Visium orders, a sufficient Xenium neighbour count and stable multiscale hangnail settings.	public review file p.8	author response in public review file pp.30-33	Omics subcorpus: official article and review PDF verified; page-indexed reviewer/author-response split, concern alignment and semantic audit recorded in the source table.
TPR079	scMultiSim: simulation of single-cell multi-omics and spatial data guided by gene regulatory networks and cell–cell interactions	Nature Methods	2025-04-17	10.1038/s41592-025-02651-0	2-major-specialist	Major Nature methods journal; selected for measurement or computational-method relevance and an official full peer-review file.	2025 JIF 28.3; official Nature Portfolio metrics: https://www.nature.com/nature-portfolio/about-journals/journal-metrics (checked 2026-08-22).	spatial	single-cell;multi-omics	Presents scMultiSim, a simulator of single-cell multi-omics and spatial data driven by regulatory networks and cell-cell interactions, with ground-truth-aware benchmarking.	https://www.nature.com/articles/s41592-025-02651-0	https://static-content.springer.com/esm/art%3A10.1038%2Fs41592-025-02651-0/MediaObjects/41592_2025_2651_MOESM3_ESM.pdf	Peer Review Information (reviewer reports and author response)	4	3	458b42b4c48aa58e5dc402b92727163aac78b97800ee8ac416c6290158c76265	36	110752	pypdf-6.10.0 page text; page-indexed reviewer/author-response split; concern-response alignment; semantic audit	VERIFIED_TEXT	NO_NOTICE_SIGNAL_FOUND as screened 2026-08-22: No targeted post-publication notice signal was found in the checked official page/status metadata and linked correction records as of the checked date; this one-time screen does not establish absence of undisclosed or future concerns.	BENCHMARK_FAIRNESS;VALIDATION_GROUND_TRUTH;MULTIOMICS_INTEGRATION;REPLICATION_UNIT;GENERALIZABILITY_OOD;SPATIAL_RESOLUTION_SEGMENTATION	1.0.0	COMPARATOR_CONTROL_ABLATION;MEASUREMENT_QC_SPATIAL_TRUTH;MULTIOMICS_ALIGNMENT_ANNOTATION;COHORT_LABEL_UNIT_LEAKAGE;EXTERNAL_VALIDATION_ROBUSTNESS	The reviewer noted missing simulator baselines and poor recovery of real gene-gene correlations in the original scMultiSim benchmark.	manuscript-grounded-defect	Incremental value must be separated from simpler baselines, controls and component or modality effects under matched, fair comparisons.	The authors added SERGIO where technically feasible, disclosed why SERGIO and dyngen could not support one clustering test, and retuned simulated noise and accessibility effects for a fairer correlation comparison.	Evaluate the nearest applicable baseline under matched samples, preprocessing, information, tuning and metrics; report the comparison and change the contribution claim if the gain does not persist.	Optional extension, not a recorded requirement: replicate the spatial pattern across independent specimens and confirm it by orthogonal imaging or staining.	PRF pp.34-35: Authors add SERGIO where feasible, explain why SERGIO and dyngen cannot support the clustering test, retune the de-novo simulation and acknowledge scDesign3's reference-based advantage.	analysis-or-evidence-added	accept-or-partially-accept|add-quantitative-evidence|calibrate-claim|anchor-location	The revised article or supplement incorporates the documented analysis, experiment, clarification or claim calibration identified in the response.	BENCHMARK_FAIRNESS — Add feasible simulator baselines, disclose task-specific comparator incompatibilities, and acknowledge the inherent fit advantage of reference-based simulation when interpreting gene-correlation benchmarks.	public review file p.34	author response in public review file pp.34-35	Omics subcorpus: official article and review PDF verified; page-indexed reviewer/author-response split, concern alignment and semantic audit recorded in the source table.
TPR080	Spotiphy enables single-cell spatial whole transcriptomics across an entire section	Nature Methods	2025-03-12	10.1038/s41592-025-02622-5	2-major-specialist	Major Nature methods journal; selected for measurement or computational-method relevance and an official full peer-review file.	2025 JIF 28.3; official Nature Portfolio metrics: https://www.nature.com/nature-portfolio/about-journals/journal-metrics (checked 2026-08-22).	spatial	bulk-rna;single-cell	Introduces Spotiphy for whole-section spatial transcriptomics at inferred single-cell resolution and validates reconstruction, annotation and tissue-scale coverage.	https://www.nature.com/articles/s41592-025-02622-5	https://static-content.springer.com/esm/art%3A10.1038%2Fs41592-025-02622-5/MediaObjects/41592_2025_2622_MOESM3_ESM.pdf	Peer Review Information (reviewer reports and author response)	7	3	6148f3890350686ba7ec6ed25bbf407387ca76cee53274b7e3fe162608006f23	105	247250	pypdf-6.10.0 page text; page-indexed reviewer/author-response split; concern-response alignment; semantic audit	VERIFIED_TEXT	NO_NOTICE_SIGNAL_FOUND as screened 2026-08-22: No targeted post-publication notice signal was found in the checked official page/status metadata and linked correction records as of the checked date; this one-time screen does not establish absence of undisclosed or future concerns.	VALIDATION_GROUND_TRUTH;SPATIAL_RESOLUTION_SEGMENTATION;GENERALIZABILITY_OOD;BENCHMARK_FAIRNESS;MODEL_REPORTING_REPRODUCIBILITY;DATA_CODE_AVAILABILITY	1.0.0	MEASUREMENT_QC_SPATIAL_TRUTH;EXTERNAL_VALIDATION_ROBUSTNESS;COMPARATOR_CONTROL_ABLATION;REPRODUCIBILITY_OPENNESS	The reviewer challenged adjacent-section Xenium as composition ground truth and requested a pseudo-Visium evaluation built from single-cell-resolution data.	manuscript-grounded-defect	The claimed object requires valid measurement, transparent QC, physical-resolution and mapping-error bounds, and an appropriate reference standard.	The authors made the adjacent-section limitation explicit and added simulated Visium benchmarks from single-cell profiles, explaining that limited Xenium and CosMx panels precluded whole-transcriptome aggregation.	Compare the central output with an appropriate independent reference or orthogonal ground truth, report disagreement as well as agreement, and bound claims to the validated object.	Optional extension, not a recorded requirement: replicate the spatial pattern across independent specimens and confirm it by orthogonal imaging or staining.	PRF p.48: Authors document the revised ground-truth limitation and the added single-cell-derived Visium simulation used for evaluation.	experiment-or-analysis-added	accept-core-concern|add-targeted-experiment-or-analysis|report-result|anchor-location	The revised article or supplement incorporates the documented analysis, experiment, clarification or claim calibration identified in the response.	VALIDATION_GROUND_TRUTH — State the adjacent-section limitation and use single-cell-derived pseudo-Visium benchmarks when limited Xenium or CosMx panels cannot support whole-transcriptome aggregation.	public review file p.4	author response in public review file p.48	Omics subcorpus: official article and review PDF verified; page-indexed reviewer/author-response split, concern alignment and semantic audit recorded in the source table.
TPR081	Multiplexed spatial mapping of chromatin features, transcriptome and proteins in tissues	Nature Methods	2025-01-27	10.1038/s41592-024-02576-0	2-major-specialist	Major Nature methods journal; selected for measurement or computational-method relevance and an official full peer-review file.	2025 JIF 28.3; official Nature Portfolio metrics: https://www.nature.com/nature-portfolio/about-journals/journal-metrics (checked 2026-08-22).	spatial	bulk-rna;multi-omics	Develops multiplexed spatial profiling of chromatin features, RNA and proteins in tissues to resolve coupled regulatory and cellular states in situ.	https://www.nature.com/articles/s41592-024-02576-0	https://static-content.springer.com/esm/art%3A10.1038%2Fs41592-024-02576-0/MediaObjects/41592_2024_2576_MOESM3_ESM.pdf	Peer Review Information (reviewer reports and author response)	3	3	5554984f9e3c15748d050cc4ff551a79e562c5fb24428b053cf03aed2e22561c	40	96716	pypdf-6.10.0 page text; page-indexed reviewer/author-response split; concern-response alignment; semantic audit	VERIFIED_TEXT	NO_NOTICE_SIGNAL_FOUND as screened 2026-08-22: No targeted post-publication notice signal was found in the checked official page/status metadata and linked correction records as of the checked date; this one-time screen does not establish absence of undisclosed or future concerns.	BENCHMARK_FAIRNESS;MULTIOMICS_INTEGRATION;DATA_CODE_AVAILABILITY;QC_PREPROCESSING;METHODS_REPRODUCIBILITY;CLAIM_CALIBRATION	1.0.0	COMPARATOR_CONTROL_ABLATION;MULTIOMICS_ALIGNMENT_ANNOTATION;REPRODUCIBILITY_OPENNESS;MEASUREMENT_QC_SPATIAL_TRUTH;CONTRIBUTION_CLAIM_CALIBRATION	The reviewer requested matched benchmarking against earlier DBiT-seq spatial multi-omics methods to show that extra modalities did not reduce data quality.	manuscript-grounded-defect	Incremental value must be separated from simpler baselines, controls and component or modality effects under matched, fair comparisons.	The authors matched tissue, stage, resolution and sequencing depth, compared fragment, gene and UMI yields, and expanded the cross-method table and workflow visualization.	Evaluate the nearest applicable baseline under matched samples, preprocessing, information, tuning and metrics; report the comparison and change the contribution claim if the gain does not persist.	Optional extension, not a recorded requirement: replicate the spatial pattern across independent specimens and confirm it by orthogonal imaging or staining.	PRF p.31: Authors report depth-matched spatial-Mux-seq comparisons with prior methods and the revised Extended Data Fig. 1 and Supplementary Data Table 1.	analysis-or-evidence-added	accept-or-partially-accept|add-quantitative-evidence|calibrate-claim|anchor-location	The revised article or supplement incorporates the documented analysis, experiment, clarification or claim calibration identified in the response.	BENCHMARK_FAIRNESS — Match tissue, developmental stage, spatial resolution and sequencing depth when comparing spatial multi-omics protocols, and report fragment, gene and UMI yields separately.	public review file p.5	author response in public review file p.31	Omics subcorpus: official article and review PDF verified; page-indexed reviewer/author-response split, concern alignment and semantic audit recorded in the source table.
TPR082	High-resolution, noninvasive single-cell lineage tracing in mice and humans based on DNA methylation epimutations	Nature Methods	2025-01-16	10.1038/s41592-024-02567-1	2-major-specialist	Major Nature methods journal; selected for measurement or computational-method relevance and an official full peer-review file.	2025 JIF 28.3; official Nature Portfolio metrics: https://www.nature.com/nature-portfolio/about-journals/journal-metrics (checked 2026-08-22).	single-cell	multi-omics	Uses DNA-methylation epimutations for noninvasive single-cell lineage tracing in mice and humans and tests reconstruction accuracy against known or orthogonal lineages.	https://www.nature.com/articles/s41592-024-02567-1	https://static-content.springer.com/esm/art%3A10.1038%2Fs41592-024-02567-1/MediaObjects/41592_2024_2567_MOESM2_ESM.pdf	Peer Review Information (reviewer reports and author response)	3	3	f12645b10855e918fbda11d42171d9966761a8123eacca2481df6850030b2f7c	43	107892	pypdf-6.10.0 page text; page-indexed reviewer/author-response split; concern-response alignment; semantic audit	VERIFIED_TEXT	NO_NOTICE_SIGNAL_FOUND as screened 2026-08-22: No targeted post-publication notice signal was found in the checked official page/status metadata and linked correction records as of the checked date; this one-time screen does not establish absence of undisclosed or future concerns.	VALIDATION_GROUND_TRUTH;TRAJECTORY_TEMPORAL_CAUSALITY;DATA_CODE_AVAILABILITY;NOVELTY_POSITIONING;CLAIM_CALIBRATION;FIGURE_CLARITY	1.0.0	MEASUREMENT_QC_SPATIAL_TRUTH;MECHANISM_FUNCTION_PERTURBATION;REPRODUCIBILITY_OPENNESS;CONTRIBUTION_CLAIM_CALIBRATION	The reviewer found the lineage simulations unrealistically clean and requested tests with division-independent CpG changes, variable epimutation rates and random allele dropout.	manuscript-grounded-defect	The claimed object requires valid measurement, transparent QC, physical-resolution and mapping-error bounds, and an appropriate reference standard.	The authors added each requested noise process to diploid-genome simulations, quantified robustness to terminal division-free mutations and variable rates, and reported the resulting accuracy analyses in revised Extended Data Figure 1.	Compare the central output with an appropriate independent reference or orthogonal ground truth, report disagreement as well as agreement, and bound claims to the validated object.	Optional extension, not a recorded requirement: replicate donor-level effects and validate cell identities or states with an independent dataset or assay.	PRF pp.20-21: Authors added each requested noise process to diploid-genome simulations, quantified robustness to terminal division-free mutations and variable rates, and reported the resulting accuracy analyses in revised Extended Data Figure 1.	experiment-or-analysis-added	accept-core-concern|add-targeted-experiment-or-analysis|report-result|anchor-location	The revised article or supplement incorporates the documented analysis, experiment, clarification or claim calibration identified in the response.	VALIDATION_GROUND_TRUTH — Stress-test lineage simulations with division-independent CpG changes, site-specific epimutation-rate variation and random allele dropout before claiming robustness.	public review file p.4	author response in public review file pp.20-21	Omics subcorpus: official article and review PDF verified; page-indexed reviewer/author-response split, concern alignment and semantic audit recorded in the source table.
TPR083	Resolving tissue complexity by multimodal spatial omics modeling with MISO	Nature Methods	2025-01-15	10.1038/s41592-024-02574-2	2-major-specialist	Major Nature methods journal; selected for measurement or computational-method relevance and an official full peer-review file.	2025 JIF 28.3; official Nature Portfolio metrics: https://www.nature.com/nature-portfolio/about-journals/journal-metrics (checked 2026-08-22).	spatial	multi-omics	Presents MISO for multimodal spatial-omics modelling and evaluates whether it resolves tissue domains while preserving modality-specific information.	https://www.nature.com/articles/s41592-024-02574-2	https://static-content.springer.com/esm/art%3A10.1038%2Fs41592-024-02574-2/MediaObjects/41592_2024_2574_MOESM3_ESM.pdf	Peer Review Information (reviewer reports and author response)	4	3	51a01701c4d3fb0a49dec8acbbae1501702a3378edcf693b7105da6d98ff5ea4	40	118227	pypdf-6.10.0 page text; page-indexed reviewer/author-response split; concern-response alignment; semantic audit	VERIFIED_TEXT	CORRECTION as screened 2026-08-22: Nature records two Author Corrections: DOI 10.1038/s41592-025-02600-x (24 January 2025) added inadvertently omitted Data availability and Code availability sections; DOI 10.1038/s41592-025-02645-y (6 March 2025) corrected the ICC formula numerator from sigma_i squared to sigma_m squared. The HTML and PDF were updated.	QC_PREPROCESSING;BENCHMARK_FAIRNESS;STATISTICAL_RIGOR;GENERALIZABILITY_OOD;MULTIOMICS_INTEGRATION;DATA_CODE_AVAILABILITY	1.0.0	MEASUREMENT_QC_SPATIAL_TRUTH;COMPARATOR_CONTROL_ABLATION;STATISTICAL_INFERENCE_CONFOUNDING;EXTERNAL_VALIDATION_ROBUSTNESS;MULTIOMICS_ALIGNMENT_ANNOTATION;REPRODUCIBILITY_OPENNESS	The reviewer found it unclear how users should identify and exclude a low-quality modality, despite this choice being central to MISO.	clarification-needed	The claimed object requires valid measurement, transparent QC, physical-resolution and mapping-error bounds, and an appropriate reference standard.	The authors added modality-specific quality guidance for transcriptomic, proteomic, metabolomic, chromatin and histology inputs, including UMI, tissue-background, panel-size and segmentation checks.	Report QC thresholds, exclusions, versions and preprocessing choices, test consequential alternatives, and show whether the headline result survives.	Optional extension, not a recorded requirement: replicate the spatial pattern across independent specimens and confirm it by orthogonal imaging or staining.	PRF pp.26-27: Authors added modality-specific quality guidance for transcriptomic, proteomic, metabolomic, chromatin and histology inputs, including UMI, tissue-background, panel-size and segmentation checks.	text-or-claim-revised	clarify-rationale|revise-method-or-claim|state-boundary|anchor-location	The revised article or supplement incorporates the documented analysis, experiment, clarification or claim calibration identified in the response.	QC_PREPROCESSING — Give modality-specific QC indicators for each MISO input so users can identify a low-quality modality; do not imply threshold-sensitivity testing that was not performed.	public review file p.5	author response in public review file pp.26-27	Omics subcorpus: official article and review PDF verified; page-indexed reviewer/author-response split, concern alignment and semantic audit recorded in the source table.
TPR084	Benchmarking algorithms for single-cell multi-omics prediction and integration	Nature Methods	2024-09-25	10.1038/s41592-024-02429-w	2-major-specialist	Major Nature methods journal; selected for measurement or computational-method relevance and an official full peer-review file.	2025 JIF 28.3; official Nature Portfolio metrics: https://www.nature.com/nature-portfolio/about-journals/journal-metrics (checked 2026-08-22).	multi-omics	single-cell	Benchmarks algorithms for single-cell multi-omics prediction and integration across datasets, ground truths and metrics to expose task-specific strengths and failure modes.	https://www.nature.com/articles/s41592-024-02429-w	https://static-content.springer.com/esm/art%3A10.1038%2Fs41592-024-02429-w/MediaObjects/41592_2024_2429_MOESM3_ESM.pdf	Peer Review Information (reviewer reports and author response)	1	2	3c13099c99f87c81fafb81faccecdf9b3fcfb69927e7d3bd9c0d1c1b5ee19a7b	104	187427	pypdf-6.10.0 page text; page-indexed reviewer/author-response split; concern-response alignment; semantic audit	VERIFIED_TEXT	NO_NOTICE_SIGNAL_FOUND as screened 2026-08-22: No targeted post-publication notice signal was found in the checked official page/status metadata and linked correction records as of the checked date; this one-time screen does not establish absence of undisclosed or future concerns.	FIGURE_CLARITY;GENERALIZABILITY_OOD;MULTIOMICS_INTEGRATION;BENCHMARK_FAIRNESS;EXTERNAL_VALIDATION;BATCH_CONFOUNDING	1.0.0	CONTRIBUTION_CLAIM_CALIBRATION;EXTERNAL_VALIDATION_ROBUSTNESS;MULTIOMICS_ALIGNMENT_ANNOTATION;COMPARATOR_CONTROL_ABLATION;STATISTICAL_INFERENCE_CONFOUNDING	The reviewer asked the authors to define the reported mRNA, protein and chromatin-accessibility matrix density measures.	clarification-needed	The stated contribution and every material claim must remain a defensible delta within the actual design, evidence, uncertainty and validated scope.	The authors replaced density with the unambiguous sparsity definition, specified it as the proportion of zero matrix entries and revised the relevant text and figure labels throughout.	Expose the biological unit, denominators, conditions, uncertainty and analysis link in the figure or legend so the decisive evidence can be interpreted without guessing.	Optional extension, not a recorded requirement: establish blockwise incremental value, robustness to integration choices and orthogonal validation of the central bridge.	PRF p.36: Authors replaced density with the unambiguous sparsity definition, specified it as the proportion of zero matrix entries and revised the relevant text and figure labels throughout.	text-or-claim-revised	clarify-rationale|revise-method-or-claim|state-boundary|anchor-location	The revised article or supplement incorporates the documented analysis, experiment, clarification or claim calibration identified in the response.	FIGURE_CLARITY — Define matrix sparsity unambiguously as the proportion of zero entries and use the same term in text, figures and legends.	public review file p.4	author response in public review file p.36	Omics subcorpus: official article and review PDF verified; page-indexed reviewer/author-response split, concern alignment and semantic audit recorded in the source table.
TPR085	Inferring pattern-driving intercellular flows from single-cell and spatial transcriptomics	Nature Methods	2024-08-26	10.1038/s41592-024-02380-w	2-major-specialist	Major Nature methods journal; selected for measurement or computational-method relevance and an official full peer-review file.	2025 JIF 28.3; official Nature Portfolio metrics: https://www.nature.com/nature-portfolio/about-journals/journal-metrics (checked 2026-08-22).	spatial	bulk-rna;single-cell	Infers pattern-driving intercellular flows from single-cell and spatial transcriptomes and evaluates candidate sender-receiver directions using perturbation and downstream-target evidence.	https://www.nature.com/articles/s41592-024-02380-w	https://static-content.springer.com/esm/art%3A10.1038%2Fs41592-024-02380-w/MediaObjects/41592_2024_2380_MOESM3_ESM.pdf	Peer Review Information (reviewer reports and author response)	1	2	c261ead0bfee596267dfff3be3e6631fe8cfa4fa4ef025650d6941094f25a56b	28	67449	pypdf-6.10.0 page text; page-indexed reviewer/author-response split; concern-response alignment; semantic audit	VERIFIED_TEXT	NO_NOTICE_SIGNAL_FOUND as screened 2026-08-22: No targeted post-publication notice signal was found in the checked official page/status metadata and linked correction records as of the checked date; this one-time screen does not establish absence of undisclosed or future concerns.	CLAIM_CALIBRATION;PERTURBATION_RESCUE;MECHANISM_CAUSALITY;CELL_ANNOTATION_VALIDITY;BENCHMARK_FAIRNESS;TRAJECTORY_TEMPORAL_CAUSALITY	1.0.0	CONTRIBUTION_CLAIM_CALIBRATION;MECHANISM_FUNCTION_PERTURBATION;MULTIOMICS_ALIGNMENT_ANNOTATION;COMPARATOR_CONTROL_ABLATION	The reviewer asked why a later organoid time point could legitimately be treated as a perturbation of the earlier time point and what assumptions this comparison requires.	clarification-needed	The stated contribution and every material claim must remain a defensible delta within the actual design, evidence, uncertainty and validated scope.	The authors added the operational rationale that endogenous FGF and BMP patterning drives major compositional and transcriptional change from day 18 to day 35, and explicitly defined the later point as a perturbation only in that bounded sense.	Rewrite the affected title, abstract, Results and Discussion claims to the strongest level supported by the current design, while adding any existing evidence needed to make that boundary explicit.	Optional extension, not a recorded requirement: replicate the spatial pattern across independent specimens and confirm it by orthogonal imaging or staining.	PRF p.10: Authors added the operational rationale that endogenous FGF and BMP patterning drives major compositional and transcriptional change from day 18 to day 35, and explicitly defined the later point as a perturbation only in that bounded sense.	text-or-claim-revised	clarify-rationale|revise-method-or-claim|state-boundary|anchor-location	The revised article or supplement incorporates the documented analysis, experiment, clarification or claim calibration identified in the response.	CLAIM_CALIBRATION — Treat a later organoid time point as an operational perturbation only within a stated compositional and transcriptional comparison; do not imply a randomized causal intervention.	public review file p.5	author response in public review file p.10	Omics subcorpus: official article and review PDF verified; page-indexed reviewer/author-response split, concern alignment and semantic audit recorded in the source table.
TPR086	Celcomen: spatial causal disentanglement for single-cell and tissue perturbation modeling	Nature Communications	2026-03-18	10.1038/s41467-026-69856-5	3-high-impact-fallback	High-impact Nature Portfolio multidisciplinary journal; admitted only with topic relevance and an official full peer-review file.	2025 JIF 18.1; official Nature Portfolio metrics: https://www.nature.com/nature-portfolio/about-journals/journal-metrics (checked 2026-08-22).	perturbation	single-cell;spatial	Presents Celcomen for learning spatial gene-interaction structure and simulating tissue responses to perturbations, with claims about causal structure and counterfactual prediction.	https://www.nature.com/articles/s41467-026-69856-5	https://static-content.springer.com/esm/art%3A10.1038%2Fs41467-026-69856-5/MediaObjects/41467_2026_69856_MOESM3_ESM.pdf	Transparent Peer Review File (reviewer reports and author rebuttal)	2	4	af11ca28e0fc10c183afaccc35d4cc67b16d9d335a33907c252a381bab6daf21	8	24414	pypdf-6.10.0 page text; page-indexed reviewer/author-response split; concern-response alignment; semantic audit	VERIFIED_TEXT	NO_NOTICE_SIGNAL_FOUND as screened 2026-08-22: No targeted post-publication notice signal was found in the checked official page/status metadata and linked correction records as of the checked date; this one-time screen does not establish absence of undisclosed or future concerns.	MECHANISM_CAUSALITY;PERTURBATION_RESCUE;BENCHMARK_FAIRNESS;BATCH_CONFOUNDING;METHODS_REPRODUCIBILITY;DATA_CODE_AVAILABILITY	1.0.0	MECHANISM_FUNCTION_PERTURBATION;COMPARATOR_CONTROL_ABLATION;STATISTICAL_INFERENCE_CONFOUNDING;REPRODUCIBILITY_OPENNESS	The reviewer distinguished statistical parameter identifiability from causal identifiability and requested the assumptions needed to recover interventional quantities from observational spatial data.	manuscript-grounded-defect	Mechanistic language requires an intervention or discriminating orthogonal evidence that addresses credible alternatives and causal boundaries.	The authors added a Methods paragraph specifying the undirected-graph and Markov-equivalence assumptions and narrowed the interpretation of the causal structure learned by Celcomen.	Add a discriminating perturbation, target-engagement/control/rescue result, or reduce mechanistic and causal language to the observed association or state change.	Optional extension, not a recorded requirement: add dose-time, target-engagement, off-target and rescue evidence appropriate to the causal claim.	PRF pp.4-5: Authors added a Methods paragraph specifying the undirected-graph and Markov-equivalence assumptions and narrowed the interpretation of the causal structure learned by Celcomen.	text-or-claim-revised	clarify-rationale|revise-method-or-claim|state-boundary|anchor-location	The revised article or supplement incorporates the documented analysis, experiment, clarification or claim calibration identified in the response.	MECHANISM_CAUSALITY — Distinguish statistical parameter identifiability from causal identifiability, state graph and confounding assumptions, and bound counterfactual interpretation to what the equivalence class supports.	public review file p.1	author response in public review file pp.4-5	Omics subcorpus: official article and review PDF verified; page-indexed reviewer/author-response split, concern alignment and semantic audit recorded in the source table.
TPR087	Spatial perturb-seq: single-cell functional genomics within intact tissue architecture	Nature Communications	2026-02-21	10.1038/s41467-026-69677-6	3-high-impact-fallback	High-impact Nature Portfolio multidisciplinary journal; admitted only with topic relevance and an official full peer-review file.	2025 JIF 18.1; official Nature Portfolio metrics: https://www.nature.com/nature-portfolio/about-journals/journal-metrics (checked 2026-08-22).	perturbation	single-cell;spatial	Combines Perturb-seq with intact-tissue spatial profiling to measure cell-autonomous and neighbourhood responses to genetic perturbations at single-cell resolution.	https://www.nature.com/articles/s41467-026-69677-6	https://static-content.springer.com/esm/art%3A10.1038%2Fs41467-026-69677-6/MediaObjects/41467_2026_69677_MOESM5_ESM.pdf	Transparent Peer Review File (reviewer reports and author rebuttal)	4	4	5d09f778b593701c0e3305f6ebdb9e1131967934b0632031f94cbb4369efd40d	43	97509	pypdf-6.10.0 page text; page-indexed reviewer/author-response split; concern-response alignment; semantic audit	VERIFIED_TEXT	NO_NOTICE_SIGNAL_FOUND as screened 2026-08-22: No targeted post-publication notice signal was found in the checked official page/status metadata and linked correction records as of the checked date; this one-time screen does not establish absence of undisclosed or future concerns.	FUNCTIONAL_VALIDATION;PERTURBATION_RESCUE;BENCHMARK_FAIRNESS;SPATIAL_RESOLUTION_SEGMENTATION;CELL_CELL_INTERACTION_INFERENCE;DATA_CODE_AVAILABILITY	1.0.0	MECHANISM_FUNCTION_PERTURBATION;COMPARATOR_CONTROL_ABLATION;MEASUREMENT_QC_SPATIAL_TRUTH;MULTIOMICS_ALIGNMENT_ANNOTATION;REPRODUCIBILITY_OPENNESS	The reviewer required orthogonal validation of claimed neighbourhood responses to gene perturbation and challenged the fixed choice of fifteen neighbours.	manuscript-grounded-defect	Mechanistic language requires an intervention or discriminating orthogonal evidence that addresses credible alternatives and causal boundaries.	The authors added Xenium in-situ validation of perturbed-cell and neighbour differential-expression directions and reported sensitivity analyses for neighbourhood sizes of five, ten and fifteen cells.	Validate the central nominated program or regulator with a targeted functional or orthogonal assay at the correct biological unit; otherwise reduce the wording to association or nomination.	Optional extension, not a recorded requirement: add dose-time, target-engagement, off-target and rescue evidence appropriate to the causal claim.	PRF pp.18-20: Authors added Xenium in-situ validation of perturbed-cell and neighbour differential-expression directions and reported sensitivity analyses for neighbourhood sizes of five, ten and fifteen cells.	experiment-or-analysis-added	accept-core-concern|add-targeted-experiment-or-analysis|report-result|anchor-location	The revised article or supplement incorporates the documented analysis, experiment, clarification or claim calibration identified in the response.	FUNCTIONAL_VALIDATION — Validate perturbed-cell and neighbour expression directions with an orthogonal in-situ platform and test several neighbourhood sizes; do not claim that this resolves absolute-distance or signalling-range mechanisms.	public review file p.2	author response in public review file pp.18-20	Omics subcorpus: official article and review PDF verified; page-indexed reviewer/author-response split, concern alignment and semantic audit recorded in the source table.
TPR088	SIDISH integrates single-cell and bulk transcriptomics to identify high-risk cells and guide precision therapeutics through in silico perturbation	Nature Communications	2025-12-10	10.1038/s41467-025-66162-4	3-high-impact-fallback	High-impact Nature Portfolio multidisciplinary journal; admitted only with topic relevance and an official full peer-review file.	2025 JIF 18.1; official Nature Portfolio metrics: https://www.nature.com/nature-portfolio/about-journals/journal-metrics (checked 2026-08-22).	bulk-rna	single-cell;perturbation	Integrates single-cell and bulk transcriptomes in SIDISH to identify high-risk cells and nominate precision-therapy strategies through in-silico perturbation.	https://www.nature.com/articles/s41467-025-66162-4	https://static-content.springer.com/esm/art%3A10.1038%2Fs41467-025-66162-4/MediaObjects/41467_2025_66162_MOESM13_ESM.pdf	Transparent Peer Review File (reviewer reports and author rebuttal)	2	4	c4c5e74b823cd6354298dd58b4290d6c143c967bc3eb17b7c00b6e2297f1ca0b	74	180091	pypdf-6.10.0 page text; page-indexed reviewer/author-response split; concern-response alignment; semantic audit	VERIFIED_TEXT	NO_NOTICE_SIGNAL_FOUND as screened 2026-08-22: No targeted post-publication notice signal was found in the checked official page/status metadata and linked correction records as of the checked date; this one-time screen does not establish absence of undisclosed or future concerns.	BENCHMARK_FAIRNESS;PERTURBATION_RESCUE;STATISTICAL_RIGOR;CELL_ANNOTATION_VALIDITY;GENERALIZABILITY_OOD;MULTIOMICS_INTEGRATION	1.0.0	COMPARATOR_CONTROL_ABLATION;MECHANISM_FUNCTION_PERTURBATION;STATISTICAL_INFERENCE_CONFOUNDING;MULTIOMICS_ALIGNMENT_ANNOTATION;EXTERNAL_VALIDATION_ROBUSTNESS	The reviewer judged Scanpy and scVI insufficient comparators and requested stronger single-cell and spatial deep-learning benchmarks, including stLearn and BayesSpace.	manuscript-grounded-defect	Incremental value must be separated from simpler baselines, controls and component or modality effects under matched, fair comparisons.	The authors added scGEN and scGPT single-cell comparisons and SpaGCN, SEDR and stLearn spatial comparisons under five matched clustering metrics; they also disclosed that BayesSpace could not be run after repeated compatibility failures.	Evaluate the nearest applicable baseline under matched samples, preprocessing, information, tuning and metrics; report the comparison and change the contribution claim if the gain does not persist.	Optional extension, not a recorded requirement: replicate the program in an independent cohort and validate a central node with an orthogonal assay.	PRF pp.34-35: Authors added scGEN and scGPT single-cell comparisons and SpaGCN, SEDR and stLearn spatial comparisons under five matched clustering metrics; they also disclosed that BayesSpace could not be run after repeated compatibility failures.	analysis-or-evidence-added	accept-or-partially-accept|add-quantitative-evidence|calibrate-claim|anchor-location	The revised article or supplement incorporates the documented analysis, experiment, clarification or claim calibration identified in the response.	BENCHMARK_FAIRNESS — Add matched single-cell and spatial deep-learning comparators under common metrics, and disclose a repeatedly incompatible comparator rather than silently omitting it.	public review file p.2	author response in public review file pp.34-35	Omics subcorpus: official article and review PDF verified; page-indexed reviewer/author-response split, concern alignment and semantic audit recorded in the source table.
TPR089	Single-cell and spatial transcriptome analyses reveal tumor heterogeneity and immune remodeling involved in pituitary neuroendocrine tumor progression	Nature Communications	2025-05-30	10.1038/s41467-025-60028-5	3-high-impact-fallback	High-impact Nature Portfolio multidisciplinary journal; admitted only with topic relevance and an official full peer-review file.	2025 JIF 18.1; official Nature Portfolio metrics: https://www.nature.com/nature-portfolio/about-journals/journal-metrics (checked 2026-08-22).	spatial	bulk-rna;single-cell	Combines single-cell and spatial transcriptomes of pituitary neuroendocrine tumours to map progression-associated tumour states, immune remodelling and candidate cell interactions.	https://www.nature.com/articles/s41467-025-60028-5	https://static-content.springer.com/esm/art%3A10.1038%2Fs41467-025-60028-5/MediaObjects/41467_2025_60028_MOESM8_ESM.pdf	Transparent Peer Review File (reviewer reports and author rebuttal)	2	4	e25932c5f7bb63c80c504e2511bbb5f9934243bde24e23c4da59caf0e47587db	49	104970	pypdf-6.10.0 page text; page-indexed reviewer/author-response split; concern-response alignment; semantic audit	VERIFIED_TEXT	NO_NOTICE_SIGNAL_FOUND as screened 2026-08-22: No targeted post-publication notice signal was found in the checked official page/status metadata and linked correction records as of the checked date; this one-time screen does not establish absence of undisclosed or future concerns.	CLAIM_CALIBRATION;FUNCTIONAL_VALIDATION;MECHANISM_CAUSALITY;PERTURBATION_RESCUE;CELL_ANNOTATION_VALIDITY;GENERALIZABILITY_OOD	1.0.0	CONTRIBUTION_CLAIM_CALIBRATION;MECHANISM_FUNCTION_PERTURBATION;MULTIOMICS_ALIGNMENT_ANNOTATION;EXTERNAL_VALIDATION_ROBUSTNESS	The reviewer found that Figure 5i did not show Ki67-positive tumour cells in the stated panels and therefore could not support a claim that SPP1-positive macrophage and CAF co-localization promoted tumour-cell proliferation.	manuscript-grounded-defect	The stated contribution and every material claim must remain a defensible delta within the actual design, evidence, uncertainty and validated scope.	The authors conceded that the staining demonstrated SPP1-positive macrophage and CAF co-localization, not proliferation caused by that co-localization, and revised the Results to separate the spatial association from SPP1-ITGAV/ITGB1 paracrine evidence.	Rewrite the affected title, abstract, Results and Discussion claims to the strongest level supported by the current design, while adding any existing evidence needed to make that boundary explicit.	Optional extension, not a recorded requirement: replicate the spatial pattern across independent specimens and confirm it by orthogonal imaging or staining.	PRF p.40: Authors narrow the Figure 5i interpretation to macrophage-CAF co-localization and explicitly separate it from the paracrine evidence for SPP1-mediated tumour proliferation and invasion.	text-or-claim-revised	clarify-rationale|revise-method-or-claim|state-boundary|anchor-location	The revised article or supplement incorporates the documented analysis, experiment, clarification or claim calibration identified in the response.	CLAIM_CALIBRATION — If multiplex staining supports SPP1-positive macrophage and CAF co-localization but not Ki67-positive tumour-cell proliferation, separate the spatial association from the paracrine functional claim and revise the text.	public review file p.4	author response in public review file p.40	Omics subcorpus: official article and review PDF verified; page-indexed reviewer/author-response split, concern alignment and semantic audit recorded in the source table.
TPR090	Integrated histopathology, spatial and single cell transcriptomics resolve cellular drivers of early and late alveolar damage in COVID-19	Nature Communications	2025-03-10	10.1038/s41467-025-56473-x	3-high-impact-fallback	High-impact Nature Portfolio multidisciplinary journal; admitted only with topic relevance and an official full peer-review file.	2025 JIF 18.1; official Nature Portfolio metrics: https://www.nature.com/nature-portfolio/about-journals/journal-metrics (checked 2026-08-22).	spatial	bulk-rna;single-cell;imaging	Combines histopathology, spatial transcriptomics and scRNA-seq to identify cellular states and interactions associated with early and late alveolar damage in COVID-19.	https://www.nature.com/articles/s41467-025-56473-x	https://static-content.springer.com/esm/art%3A10.1038%2Fs41467-025-56473-x/MediaObjects/41467_2025_56473_MOESM2_ESM.pdf	Transparent Peer Review File (reviewer reports and author rebuttal)	2	3	326e339b9f95ea5fe53365ed9a24fb48be6839000591ebd997be92d6048bf4de	26	76745	pypdf-6.10.0 page text; page-indexed reviewer/author-response split; concern-response alignment; semantic audit	VERIFIED_TEXT	NO_NOTICE_SIGNAL_FOUND as screened 2026-08-22: No targeted post-publication notice signal was found in the checked official page/status metadata and linked correction records as of the checked date; this one-time screen does not establish absence of undisclosed or future concerns.	FIGURE_CLARITY;REPLICATION_UNIT;SPATIAL_RESOLUTION_SEGMENTATION;BENCHMARK_FAIRNESS;MULTIPLE_TESTING;GENERALIZABILITY_OOD	1.0.0	CONTRIBUTION_CLAIM_CALIBRATION;COHORT_LABEL_UNIT_LEAKAGE;MEASUREMENT_QC_SPATIAL_TRUTH;COMPARATOR_CONTROL_ABLATION;STATISTICAL_INFERENCE_CONFOUNDING;EXTERNAL_VALIDATION_ROBUSTNESS	The reviewer found spatial and single-cell abundance panels non-comparable and asked for cell proportions and clearer explanation of what each panel measured.	clarification-needed	The stated contribution and every material claim must remain a defensible delta within the actual design, evidence, uncertainty and validated scope.	The authors rewrote the legend to distinguish cell2location percentages from MiloR neighbourhood changes, added a cell-abundance plot and revised Figure 4B to make the comparison direct.	Expose the biological unit, denominators, conditions, uncertainty and analysis link in the figure or legend so the decisive evidence can be interpreted without guessing.	Optional extension, not a recorded requirement: replicate the spatial pattern across independent specimens and confirm it by orthogonal imaging or staining.	PRF pp.16-17: Authors rewrote the legend to distinguish cell2location percentages from MiloR neighbourhood changes, added a cell-abundance plot and revised Figure 4B to make the comparison direct.	analysis-or-evidence-added	accept-or-partially-accept|add-quantitative-evidence|calibrate-claim|anchor-location	The revised article or supplement incorporates the documented analysis, experiment, clarification or claim calibration identified in the response.	FIGURE_CLARITY — Distinguish cell2location percentage estimates from MiloR neighbourhood enrichment in the legend and add a directly comparable cell-abundance view.	public review file p.3	author response in public review file pp.16-17	Omics subcorpus: official article and review PDF verified; page-indexed reviewer/author-response split, concern alignment and semantic audit recorded in the source table.
TPR091	Spatial integration of multi-omics single-cell data with SIMO	Nature Communications	2025-02-01	10.1038/s41467-025-56523-4	3-high-impact-fallback	High-impact Nature Portfolio multidisciplinary journal; admitted only with topic relevance and an official full peer-review file.	2025 JIF 18.1; official Nature Portfolio metrics: https://www.nature.com/nature-portfolio/about-journals/journal-metrics (checked 2026-08-22).	spatial	single-cell;multi-omics	Presents SIMO for probabilistic spatial integration of single-cell transcriptomic and other omics modalities and benchmarks topology and regulatory-state recovery.	https://www.nature.com/articles/s41467-025-56523-4	https://static-content.springer.com/esm/art%3A10.1038%2Fs41467-025-56523-4/MediaObjects/41467_2025_56523_MOESM3_ESM.pdf	Transparent Peer Review File (reviewer reports and author rebuttal)	3	5	62e0d5a43df95309d81cf9016a8239a295b58108d8fd67678ae68a10449f7a98	72	117342	pypdf-6.10.0 page text; page-indexed reviewer/author-response split; concern-response alignment; semantic audit	VERIFIED_TEXT	NO_NOTICE_SIGNAL_FOUND as screened 2026-08-22: No targeted post-publication notice signal was found in the checked official page/status metadata and linked correction records as of the checked date; this one-time screen does not establish absence of undisclosed or future concerns.	MULTIOMICS_INTEGRATION;BENCHMARK_FAIRNESS;NOVELTY_POSITIONING;CLAIM_CALIBRATION	1.0.0	MULTIOMICS_ALIGNMENT_ANNOTATION;COMPARATOR_CONTROL_ABLATION;CONTRIBUTION_CLAIM_CALIBRATION	The reviewer questioned whether SIMO was only a sequential combination of spatial mapping and multimodal integration without using spatial information in the second step.	manuscript-grounded-defect	Cross-modal or cell-level interpretation requires traceable matched units, defensible annotation or alignment, and evidence for the claimed bridge.	The authors clarified the distributed correspondence and coordinate-refinement steps that reuse spatial neighbourhood information and added a comparison against the conventional mapping-plus-integration pipeline.	Preserve the matched sample intersection, compare unimodal and integrated models, test integration sensitivity and validate the biological meaning of the claimed cross-modal bridge.	Optional extension, not a recorded requirement: replicate the spatial pattern across independent specimens and confirm it by orthogonal imaging or staining.	PRF p.16: Authors clarified the distributed correspondence and coordinate-refinement steps that reuse spatial neighbourhood information and added a comparison against the conventional mapping-plus-integration pipeline.	analysis-or-evidence-added	accept-or-partially-accept|add-quantitative-evidence|calibrate-claim|anchor-location	The revised article or supplement incorporates the documented analysis, experiment, clarification or claim calibration identified in the response.	MULTIOMICS_INTEGRATION — Show where spatial neighbourhood information re-enters multimodal mapping and compare the integrated method with a conventional mapping-plus-integration pipeline.	public review file p.1	author response in public review file p.16	Omics subcorpus: official article and review PDF verified; page-indexed reviewer/author-response split, concern alignment and semantic audit recorded in the source table.
TPR092	Multimodal single cell-resolved spatial proteomics reveal pancreatic tumor heterogeneity	Nature Communications	2024-11-21	10.1038/s41467-024-54438-0	3-high-impact-fallback	High-impact Nature Portfolio multidisciplinary journal; admitted only with topic relevance and an official full peer-review file.	2025 JIF 18.1; official Nature Portfolio metrics: https://www.nature.com/nature-portfolio/about-journals/journal-metrics (checked 2026-08-22).	spatial	single-cell;multi-omics	Uses multimodal single-cell-resolved spatial proteomics to map pancreatic tumour heterogeneity and nominate cellular neighbourhoods and functional interactions.	https://www.nature.com/articles/s41467-024-54438-0	https://static-content.springer.com/esm/art%3A10.1038%2Fs41467-024-54438-0/MediaObjects/41467_2024_54438_MOESM11_ESM.pdf	Transparent Peer Review File (reviewer reports and author rebuttal)	2	5	d698ae69e743f7ec6d2f48b9a4388f91628a82225eb9e55a3cde1fe6afc49ac6	42	97196	pypdf-6.10.0 page text; page-indexed reviewer/author-response split; concern-response alignment; semantic audit	VERIFIED_TEXT	NO_NOTICE_SIGNAL_FOUND as screened 2026-08-22: No targeted post-publication notice signal was found in the checked official page/status metadata and linked correction records as of the checked date; this one-time screen does not establish absence of undisclosed or future concerns.	FUNCTIONAL_VALIDATION;PERTURBATION_RESCUE;STATISTICAL_RIGOR;BENCHMARK_FAIRNESS;SPATIAL_RESOLUTION_SEGMENTATION;METHODS_REPRODUCIBILITY	1.0.0	MECHANISM_FUNCTION_PERTURBATION;STATISTICAL_INFERENCE_CONFOUNDING;COMPARATOR_CONTROL_ABLATION;MEASUREMENT_QC_SPATIAL_TRUTH;REPRODUCIBILITY_OPENNESS	The reviewer regarded the added mouse-tissue IHC as correlative and stated that perturbing the nominated candidates would provide substantially stronger validation of the newly identified PDAC cell state.	reviewer-preference	Mechanistic language requires an intervention or discriminating orthogonal evidence that addresses credible alternatives and causal boundaries.	The authors retained the Cwh43 IHC as primary concordance evidence, pointed to human PDAC validation of the Treg subtypes, and did not add the suggested functional perturbation.	Validate the central nominated program or regulator with a targeted functional or orthogonal assay at the correct biological unit; otherwise reduce the wording to association or nomination.	Optional extension, not a recorded requirement: replicate the spatial pattern across independent specimens and confirm it by orthogonal imaging or staining.	PRF pp.38-39: Authors identify the existing IHC and human-sample subtype evidence as their chosen validation and leave the suggested candidate perturbation unperformed.	declined-with-explicit-boundary	state-position|explain-feasibility-or-scope|supply-alternative-evidence|narrow-claim	The revised article or supplement incorporates the documented analysis, experiment, clarification or claim calibration identified in the response.	FUNCTIONAL_VALIDATION — When an optional perturbation is not performed, distinguish correlative IHC concordance and human-sample subtype validation from functional evidence and retain the residual causal boundary.	public review file p.36	author response in public review file pp.38-39	Omics subcorpus: official article and review PDF verified; page-indexed reviewer/author-response split, concern alignment and semantic audit recorded in the source table.
TPR093	Unraveling the spatial organization and development of human thymocytes through integration of spatial transcriptomics and single-cell multi-omics profiling	Nature Communications	2024-09-06	10.1038/s41467-024-51767-y	3-high-impact-fallback	High-impact Nature Portfolio multidisciplinary journal; admitted only with topic relevance and an official full peer-review file.	2025 JIF 18.1; official Nature Portfolio metrics: https://www.nature.com/nature-portfolio/about-journals/journal-metrics (checked 2026-08-22).	spatial	bulk-rna;single-cell;multi-omics	Integrates spatial transcriptomics with single-cell multi-omics to map human thymocyte states, developmental ordering and their anatomical organization.	https://www.nature.com/articles/s41467-024-51767-y	https://static-content.springer.com/esm/art%3A10.1038%2Fs41467-024-51767-y/MediaObjects/41467_2024_51767_MOESM2_ESM.pdf	Transparent Peer Review File (reviewer reports and author rebuttal)	1	3	5360aa51d23c47f7e5efbb5f07bb8fb0347e6fea1404f324373dd18335d48a38	25	69573	pypdf-6.10.0 page text; page-indexed reviewer/author-response split; concern-response alignment; semantic audit	VERIFIED_TEXT	NO_NOTICE_SIGNAL_FOUND as screened 2026-08-22: No targeted post-publication notice signal was found in the checked official page/status metadata and linked correction records as of the checked date; this one-time screen does not establish absence of undisclosed or future concerns.	VALIDATION_GROUND_TRUTH;MULTIPLE_TESTING;CELL_ANNOTATION_VALIDITY;STATISTICAL_RIGOR;BENCHMARK_FAIRNESS;TRAJECTORY_TEMPORAL_CAUSALITY	1.0.0	MEASUREMENT_QC_SPATIAL_TRUTH;STATISTICAL_INFERENCE_CONFOUNDING;MULTIOMICS_ALIGNMENT_ANNOTATION;COMPARATOR_CONTROL_ABLATION;MECHANISM_FUNCTION_PERTURBATION	The reviewer asked why different purity tools were used for healthy thymus and thymoma and how subset purity was independently validated.	manuscript-grounded-defect	The claimed object requires valid measurement, transparent QC, physical-resolution and mapping-error bounds, and an appropriate reference standard.	The authors explained the distinct ROGUE and ESTIMATE estimands, validated ROGUE with a logistic model and ESTIMATE with CopyKAT, and removed the thymoma section where the cross-context comparison remained incoherent.	Compare the central output with an appropriate independent reference or orthogonal ground truth, report disagreement as well as agreement, and bound claims to the validated object.	Optional extension, not a recorded requirement: replicate the spatial pattern across independent specimens and confirm it by orthogonal imaging or staining.	PRF p.22: Authors explained the distinct ROGUE and ESTIMATE estimands, validated ROGUE with a logistic model and ESTIMATE with CopyKAT, and removed the thymoma section where the cross-context comparison remained incoherent.	analysis-or-evidence-added	accept-or-partially-accept|add-quantitative-evidence|calibrate-claim|anchor-location	The revised article or supplement incorporates the documented analysis, experiment, clarification or claim calibration identified in the response.	VALIDATION_GROUND_TRUTH — Explain the distinct estimands of purity tools, cross-check each with an independent method, and remove a cross-context section when the comparison remains incoherent.	public review file p.5	author response in public review file p.22	Omics subcorpus: official article and review PDF verified; page-indexed reviewer/author-response split, concern alignment and semantic audit recorded in the source table.
TPR094	Single-cell and spatial transcriptome analyses reveal tertiary lymphoid structures linked to tumour progression and immunotherapy response in nasopharyngeal carcinoma	Nature Communications	2024-09-04	10.1038/s41467-024-52153-4	3-high-impact-fallback	High-impact Nature Portfolio multidisciplinary journal; admitted only with topic relevance and an official full peer-review file.	2025 JIF 18.1; official Nature Portfolio metrics: https://www.nature.com/nature-portfolio/about-journals/journal-metrics (checked 2026-08-22).	spatial	bulk-rna;single-cell	Uses single-cell and spatial transcriptomics to characterize tertiary lymphoid structures in nasopharyngeal carcinoma and relate them to progression and immunotherapy response.	https://www.nature.com/articles/s41467-024-52153-4	https://static-content.springer.com/esm/art%3A10.1038%2Fs41467-024-52153-4/MediaObjects/41467_2024_52153_MOESM2_ESM.pdf	Transparent Peer Review File (reviewer reports and author rebuttal)	1	6	25d01421a3dafdbcedd688abf72e4d3ae4999eb12351f42c8badf925fa72e1be	101	184783	pypdf-6.10.0 page text; page-indexed reviewer/author-response split; concern-response alignment; semantic audit	VERIFIED_TEXT	NO_NOTICE_SIGNAL_FOUND as screened 2026-08-22: No targeted post-publication notice signal was found in the checked official page/status metadata and linked correction records as of the checked date; this one-time screen does not establish absence of undisclosed or future concerns.	STATISTICAL_RIGOR;FUNCTIONAL_VALIDATION;REPLICATION_UNIT;MECHANISM_CAUSALITY;MULTIOMICS_INTEGRATION;CELL_CELL_INTERACTION_INFERENCE	1.0.0	STATISTICAL_INFERENCE_CONFOUNDING;MECHANISM_FUNCTION_PERTURBATION;COHORT_LABEL_UNIT_LEAKAGE;MULTIOMICS_ALIGNMENT_ANNOTATION	The reviewer found the plasma-cell colocalization claim unsupported by a described method, sample counts and statistical evidence.	manuscript-grounded-defect	The estimand, biological unit, hierarchy, uncertainty, multiplicity, confounding and sensitivity analyses must support the stated inference.	The authors reframed colocalization as positive correlations of cell-type proportions, reported support in 2/3 Stereo-seq and 10/12 Visium samples, and added sample numbers to statistical plots.	State the estimand and biological unit, use an appropriate model and uncertainty estimate, address assumptions and multiplicity, and revise conclusions that fail sensitivity checks.	Optional extension, not a recorded requirement: replicate the spatial pattern across independent specimens and confirm it by orthogonal imaging or staining.	PRF pp.49-50: Authors provide the revised correlation statement, cohort-specific counts, supplementary figure pointer and sample-number annotations.	text-or-claim-revised	clarify-rationale|revise-method-or-claim|state-boundary|anchor-location	The revised article or supplement incorporates the documented analysis, experiment, clarification or claim calibration identified in the response.	STATISTICAL_RIGOR — Do not call cell-type proportion correlations physical co-localization without an explicit spatial-distance method; report cohort-specific consistency and sample counts and calibrate the claim.	public review file p.9	author response in public review file pp.49-50	Omics subcorpus: official article and review PDF verified; page-indexed reviewer/author-response split, concern alignment and semantic audit recorded in the source table.
TPR095	Integration of clinical, pathological, radiological, and transcriptomic data improves prediction for first-line immunotherapy outcome in metastatic non-small cell lung cancer	Nature Communications	2025-01-12	10.1038/s41467-025-55847-5	3-high-impact-fallback	High-impact Nature Portfolio multidisciplinary journal; admitted only with topic relevance and an official full peer-review file.	2025 JIF 18.1; official Nature Portfolio metrics: https://www.nature.com/nature-portfolio/about-journals/journal-metrics (checked 2026-08-22).	imaging-mechanism	PET/CT radiomics; digital pathology; bulk RNA-seq; clinical data; survival modeling	A 317-patient metastatic NSCLC cohort combines baseline PET/CT, digitized pathology, bulk RNA-seq and clinical features to compare unimodal and multimodal predictors of first-line immunotherapy outcomes under substantial modality missingness.	https://www.nature.com/articles/s41467-025-55847-5	https://static-content.springer.com/esm/art%3A10.1038%2Fs41467-025-55847-5/MediaObjects/41467_2025_55847_MOESM3_ESM.pdf	official transparent peer-review PDF: reviewer reports and author response; decision letters where included	2	2	fb2d9fba337b02cf2399b9de584816481648891e67883daea0d7cb8cd7d1b4a1	10	33341	Official Springer Nature PDF downloaded; SHA-256 over PDF bytes; pypdfium2 page-text extraction; manual concern-action-closure audit.	VERIFIED_TEXT	NO_NOTICE_SIGNAL_FOUND as screened 2026-08-22: No targeted post-publication notice signal was found in the checked official page/status metadata and linked correction records as of the checked date; this one-time screen does not establish absence of undisclosed or future concerns.	BENCHMARK_FAIRNESS;MULTIMODAL_ABLATION;STATISTICAL_RIGOR;MISSING_DATA_CONFOUNDING	1.0.0	COMPARATOR_CONTROL_ABLATION;STATISTICAL_INFERENCE_CONFOUNDING	Reviewer 1 required the claimed multimodal advantage to be tested against established transcriptomic-only signatures rather than inferred from comparisons with the study's own limited RNA feature set.	manuscript-grounded-defect	Incremental value must be separated from simpler baselines, controls and component or modality effects under matched, fair comparisons.	The authors benchmarked 36 published transcriptomic signatures on the same cohort, reported that the best multimodal models exceeded all signatures except for three on six-month progression, and added Figure 7 plus corresponding Results and Methods text.	Benchmark the multimodal model against eligible published unimodal signatures on the same patients and endpoints, report the actual paired result, and keep missing-data and power limits visible.	Optional extension, not a recorded requirement: freeze the complete pipeline and test it in an external cohort with the same treatment decision, acquisition domains and modality-availability pattern.	In the next review round, Reviewer 1 stated that the responses were satisfactory and Reviewer 2 stated that all prior comments were addressed; this does not convert the internal benchmark into external validation.	reviewer-confirmed	point-by-point-repair|document-action-and-result|reviewer-confirmed-closure	The revised manuscript adds a 36-signature transcriptomic benchmark in Figure 7 and updates the Results and Methods with the comparative findings.	A multimodal gain claim requires matched comparison with strong unimodal and published domain baselines; feature attribution or cross-validation averages do not substitute for incremental-value evidence.	review PDF p.1	author response p.5	Strict replacement record: bulk-RNA literature-map candidate; official article and review PDF matched by DOI, downloaded, hashed, fully text-extracted and manually audited for same-issue concern, action and closure.
TPR096	Transcriptome size matters for single-cell RNA-seq normalization and bulk deconvolution	Nature Communications	2025-02-01	10.1038/s41467-025-56623-1	3-high-impact-fallback	High-impact Nature Portfolio multidisciplinary journal; admitted only with topic relevance and an official full peer-review file.	2025 JIF 18.1; official Nature Portfolio metrics: https://www.nature.com/nature-portfolio/about-journals/journal-metrics (checked 2026-08-22).	multi-omics	scRNA-seq; bulk RNA-seq; deconvolution; normalization; cross-protocol benchmarking	ReDeconv models cell-type transcriptome-size differences when normalizing scRNA-seq references and deconvolving bulk RNA-seq, with synthetic, real-data and orthogonal spatial-expression comparisons.	https://www.nature.com/articles/s41467-025-56623-1	https://static-content.springer.com/esm/art%3A10.1038%2Fs41467-025-56623-1/MediaObjects/41467_2025_56623_MOESM5_ESM.pdf	official transparent peer-review PDF: reviewer reports and author response; decision letters where included	2	4	7ca5a951c5c1f40ca1dd8a18a954b8d928cd51b519eb54ad8a442ec55913f035	36	55224	Official Springer Nature PDF downloaded; SHA-256 over PDF bytes; pypdfium2 page-text extraction with manual review of the extractable concern and response pages.	VERIFIED_TEXT	NO_NOTICE_SIGNAL_FOUND as screened 2026-08-22: No targeted post-publication notice signal was found in the checked official page/status metadata and linked correction records as of the checked date; this one-time screen does not establish absence of undisclosed or future concerns.	EXTERNAL_VALIDATION;BATCH_CONFOUNDING;QC_PREPROCESSING	1.0.0	EXTERNAL_VALIDATION_ROBUSTNESS;STATISTICAL_INFERENCE_CONFOUNDING;MEASUREMENT_QC_SPATIAL_TRUTH	Reviewer 1 challenged the assumption that technical effects proportionally change transcriptome size across cell types and required comparisons across genuinely different scRNA-seq protocols rather than two samples from a narrow protocol setting.	manuscript-grounded-defect	Generalization claims require a frozen object and independent validation under the relevant distribution shift.	The authors compared multiple protocols, then revised Supplementary Figure 3 to show cell-type transcriptome-size correlations across protocols for PBMC samples after excluding inDrops and requiring at least ten cells per shared type; they also acknowledged that baseline selection can influence normalized values, although usually minimally in their examples.	Show the same shared cell types across distinct protocols and batches, predefine inclusion thresholds, expose deviations from linearity, and quantify sensitivity to the normalization baseline before treating relative transcriptome size as stable.	Optional extension, not a recorded requirement: test the assumption against spike-in or absolute-RNA measurements and independently constructed bulk mixtures across tissues and technologies.	The final documented response updates Supplementary Figure 3 and explicitly narrows the baseline-invariance claim; the public file contains no later reviewer statement tied specifically to that last repair, so closure remains author documented.	author-response-documented	point-by-point-repair|document-action-and-result|scope-limited-closure	The revision adds cross-protocol cell-type correlation plots, protocol inclusion rules and a clarified account of baseline selection and its residual effect.	Cross-protocol correlation supports robustness but does not prove that cell-type-specific technical bias is absent; normalization claims must retain protocol, batch and baseline sensitivity boundaries.	review PDF pp.6,27	author response pp.6,28	Strict replacement record: bulk-RNA literature-map candidate; official DOI and review PDF were matched, downloaded, hashed and page-audited, including the second-round cross-protocol request and its same-issue response.
TPR097	Feature selection methods affect the performance of scRNA-seq data integration and querying	Nature Methods	2025-03-13	10.1038/s41592-025-02624-3	2-major-specialist	Major Nature methods journal; selected for measurement or computational-method relevance and an official full peer-review file.	2025 JIF 28.3; official Nature Portfolio metrics: https://www.nature.com/nature-portfolio/about-journals/journal-metrics (checked 2026-08-22).	single-cell	scRNA-seq; feature selection; integration; query mapping; simulated ground truth; registered report	A registered-report benchmark evaluates feature-selection methods for scRNA-seq integration and reference-query mapping across diverse real atlases and a prespecified simulation with known labels and query-only states.	https://www.nature.com/articles/s41592-025-02624-3	https://static-content.springer.com/esm/art%3A10.1038%2Fs41592-025-02624-3/MediaObjects/41592_2025_2624_MOESM3_ESM.pdf	official transparent peer-review PDF: reviewer reports and author response; decision letters where included	3	4	360ea65af480a5d10cb56ee9f06297cef7088a8a5a871d6c1226804b6e92f9da	43	128976	Official Springer Nature PDF downloaded; SHA-256 over PDF bytes; pypdfium2 page-text extraction; manual Stage-1-to-Stage-2 concern-action-closure audit.	VERIFIED_TEXT	NO_NOTICE_SIGNAL_FOUND as screened 2026-08-22: No targeted post-publication notice signal was found in the checked official page/status metadata and linked correction records as of the checked date; this one-time screen does not establish absence of undisclosed or future concerns.	VALIDATION_GROUND_TRUTH;LABEL_REFERENCE_STANDARD;BENCHMARK_FAIRNESS	1.0.0	MEASUREMENT_QC_SPATIAL_TRUTH;COHORT_LABEL_UNIT_LEAKAGE;COMPARATOR_CONTROL_ABLATION	Reviewer 2 warned that original author annotations used as reference truth could favor the methods that created those annotations and requested a known-ground-truth simulation to expose benchmark bias.	manuscript-grounded-defect	Every measurement, label, boundary and spatial claim needs an explicit reference standard, resolution, error model and sensitivity analysis.	The authors added a prespecified splat simulation spanning three technology-like regimes, two conditions, six batches, rare and perturbed states, and labels present only in the query, yielding 9,984 features, 30,041 reference cells and 69,936 query cells for known-ground-truth evaluation.	Pair real-atlas benchmarks with a prespecified known-ground-truth simulation that contains realistic batch, depth, rarity and unseen-state challenges, and compare conclusions across the two evidence types.	Optional extension, not a recorded requirement: repeat the benchmark across multiple generative simulators and controlled annotation-error regimes so conclusions are not conditional on one simulator.	At Stage 2, Reviewer 2 stated that the registered plan was followed and executed well, while Reviewer 3 stated that the experimental plan, caveats and conclusions were satisfactory.	reviewer-confirmed	point-by-point-repair|preregistered-analysis|reviewer-confirmed-closure	The registered plan and completed paper include the splat simulation and explicitly separate known simulated truth from potentially biased real-dataset annotations.	A benchmark that reuses author-derived labels as truth needs an independent known-ground-truth path and a clear simulation-realism boundary; agreement on simulated labels does not certify real-atlas annotations.	review PDF p.21	author response pp.21-22	Strict replacement record: single-cell literature-map candidate; official DOI and full Nature Methods peer-review PDF were matched, hashed, fully text-extracted and audited across registered-report stages.
TPR098	FICTURE: scalable segmentation-free analysis of submicron-resolution spatial transcriptomics	Nature Methods	2024-09-12	10.1038/s41592-024-02415-2	2-major-specialist	Major Nature methods journal; selected for measurement or computational-method relevance and an official full peer-review file.	2025 JIF 28.3; official Nature Portfolio metrics: https://www.nature.com/nature-portfolio/about-journals/journal-metrics (checked 2026-08-22).	spatial	submicron spatial transcriptomics; pixel factors; segmentation-free analysis; simulation benchmarking; single-cell references	FICTURE uses a multilayer Dirichlet factor model to infer pixel-level spatial factors from submicron transcript coordinates without requiring cell segmentation and demonstrates scalability across sequencing- and imaging-based datasets.	https://www.nature.com/articles/s41592-024-02415-2	https://static-content.springer.com/esm/art%3A10.1038%2Fs41592-024-02415-2/MediaObjects/41592_2024_2415_MOESM3_ESM.pdf	official transparent peer-review PDF: reviewer reports and author response; decision letters where included	2	2	f9b42b7a7712c63bca86aaf0014eb3a2f3318893b4531cbfbb28794e8d6c9d9f	20	19873	Official Springer Nature PDF downloaded; SHA-256 over PDF bytes; pypdfium2 page-text extraction plus rendered visual inspection of image-only author-response pages; manual concern-action-closure audit.	VERIFIED_TEXT	NO_NOTICE_SIGNAL_FOUND as screened 2026-08-22: No targeted post-publication notice signal was found in the checked official page/status metadata and linked correction records as of the checked date; this one-time screen does not establish absence of undisclosed or future concerns.	BENCHMARK_FAIRNESS;NOVELTY_POSITIONING;METHODS_REPRODUCIBILITY	1.0.0	COMPARATOR_CONTROL_ABLATION;CONTRIBUTION_CLAIM_CALIBRATION;REPRODUCIBILITY_OPENNESS	Reviewer 1 identified JSTA as a conceptually similar two-stage pixel-classification method omitted from the comparison and required a direct benchmark before the methodological distinction could be judged.	manuscript-grounded-defect	Incremental value must be separated from simpler baselines, controls and component or modality effects under matched, fair comparisons.	The authors added a matched simulation benchmark against JSTA, reporting 95.5% versus 74.2% pixel-level cell-type accuracy, more than tenfold faster runtime and more than fivefold lower memory use; a common post-processing comparison reported 86.3% versus 68.5% transcript-to-cell assignment accuracy.	Add the omitted eligible comparator on the same simulation, resources and outputs, report accuracy and computational cost, and explain differences in required reference data without turning them into an unfair advantage.	Optional extension, not a recorded requirement: compare both methods on experimental tissues with orthogonal cell-boundary or cell-type references and matched hardware, tuning and input availability.	In the returning review, Reviewer 1 stated that prior concerns were addressed and Reviewer 2 stated that the analysis and performance were satisfactory; the benchmark remains simulation-conditioned.	reviewer-confirmed	point-by-point-repair|document-action-and-result|reviewer-confirmed-closure	The revised manuscript adds Extended Data Figure 6 with the JSTA benchmark and clarifies which external references and nuclear locations each method requires.	A segmentation-free spatial method must be compared with the nearest conceptually similar method under matched inputs and resources; simulation superiority does not establish cell-level truth in experimental tissue.	review PDF p.3	author response p.5	Strict replacement record: spatial literature-map candidate; official review PDF was downloaded and hashed, and image-only response pages were rendered and manually inspected in addition to full-file text extraction.
TPR099	Inferring histology-associated gene expression gradients in spatial transcriptomic studies	Nature Communications	2024-08-23	10.1038/s41467-024-50904-x	3-high-impact-fallback	High-impact Nature Portfolio multidisciplinary journal; admitted only with topic relevance and an official full peer-review file.	2025 JIF 18.1; official Nature Portfolio metrics: https://www.nature.com/nature-portfolio/about-journals/journal-metrics (checked 2026-08-22).	spatial	10x Visium; histology; spatial gradients; LOESS; null simulation; glioblastoma; traumatic brain injury	Spatial Gradient Screening relates gene expression to user-defined trajectories or spatial annotations in Visium tissue, using histology-associated distance coordinates to detect continuous spatial patterns without prior clustering.	https://www.nature.com/articles/s41467-024-50904-x	https://static-content.springer.com/esm/art%3A10.1038%2Fs41467-024-50904-x/MediaObjects/41467_2024_50904_MOESM3_ESM.pdf	official transparent peer-review PDF: reviewer reports and author response; decision letters where included	3	3	59631387ceff2eb343d80068d37816aa23b93cdbe1ed7923fea6348bbb720ce6	68	150692	Official Springer Nature PDF downloaded; SHA-256 over PDF bytes; pypdfium2 page-text extraction; manual multi-round concern-action-closure audit.	VERIFIED_TEXT	NO_NOTICE_SIGNAL_FOUND as screened 2026-08-22: No targeted post-publication notice signal was found in the checked official page/status metadata and linked correction records as of the checked date; this one-time screen does not establish absence of undisclosed or future concerns.	STATISTICAL_INFERENCE;VALIDATION_GROUND_TRUTH;ROBUSTNESS_OOD;SPATIAL_SPECIFICITY	1.0.0	STATISTICAL_INFERENCE_CONFOUNDING;MEASUREMENT_QC_SPATIAL_TRUTH;EXTERNAL_VALIDATION_ROBUSTNESS	Reviewer 2 found the custom gradient fitness and p-values insufficiently defined and noted that sensitivity to noise and false-positive rates under simulated negative data had not been investigated.	manuscript-grounded-defect	The estimand, biological unit, hierarchy, uncertainty, multiplicity, confounding and sensitivity analyses must support the stated inference.	The authors rewrote gradient estimation around LOESS, defined a random-expression null with a default 1,000 simulations and an explicit p-value, and later expanded the negative ground truth to overlapping 70-89% noise regimes, estimating false-positive rates of roughly 3-7% under their simulation design.	Define the null and alternative, calibrate Type I and Type II behavior across weak and strong signals and geometry errors, compare credible alternative tests, and report the actual simulation-conditioned failure rates.	Optional extension, not a recorded requirement: preregister the null construction and test calibration on independently generated simulations and multi-donor tissues with blinded or algorithmically perturbed histology annotations.	In the final rounds, Reviewer 2 stated that added comparisons and simulations improved the manuscript and Reviewer 3 stated that all concerns were addressed; this does not make the custom null universally calibrated.	reviewer-confirmed	point-by-point-repair|document-action-and-result|reviewer-confirmed-closure	The revision substantially changes gradient estimation, adds null and noise simulations, reports segmentation-error behavior, and includes additional comparator analyses.	A custom spatial statistic requires an explicit null, calibrated error rates across overlapping signal distributions and sensitivity to user-defined geometry; reviewer approval does not establish universal calibration.	review PDF pp.3-4	author response pp.6-20,60-64	Strict replacement record: spatial literature-map candidate; the 68-page official review file was downloaded, hashed, fully text-extracted and audited across the initial, major-revision and final-review rounds.
TPR100	Dissecting crosstalk induced by cell-cell communication using single-cell transcriptomic data	Nature Communications	2025-07-01	10.1038/s41467-025-61149-7	3-high-impact-fallback	High-impact Nature Portfolio multidisciplinary journal; admitted only with topic relevance and an official full peer-review file.	2025 JIF 18.1; official Nature Portfolio metrics: https://www.nature.com/nature-portfolio/about-journals/journal-metrics (checked 2026-08-22).	single-cell	scRNA-seq; cell-cell communication; gene regulatory networks; hypergraph learning; Wnt signaling; derived cell-level scores	SigXTalk combines inferred cell-cell communication with prior regulatory paths and hypergraph learning to estimate pathway crosstalk, fidelity and specificity from scRNA-seq, with simulation and real-dataset applications.	https://www.nature.com/articles/s41467-025-61149-7	https://static-content.springer.com/esm/art%3A10.1038%2Fs41467-025-61149-7/MediaObjects/41467_2025_61149_MOESM2_ESM.pdf	official transparent peer-review PDF: reviewer reports and author response; decision letters where included	1	3	61070bebee8e1d49b3a161d4ed5bc5a890a86464bea7ea1b6350be2ba801a7ae	11	23683	Official Springer Nature PDF downloaded; SHA-256 over PDF bytes; pypdfium2 page-text extraction; manual concern-action-closure audit.	VERIFIED_TEXT	NO_NOTICE_SIGNAL_FOUND as screened 2026-08-22: No targeted post-publication notice signal was found in the checked official page/status metadata and linked correction records as of the checked date; this one-time screen does not establish absence of undisclosed or future concerns.	CELL_CELL_INTERACTION_INFERENCE;CLAIM_SCOPE;BIOLOGICAL_VALIDATION	1.0.0	MULTIOMICS_ALIGNMENT_ANNOTATION;CONTRIBUTION_CLAIM_CALIBRATION;MECHANISM_FUNCTION_PERTURBATION	Reviewer 1 suggested extending the group-level crosstalk analysis to predict pathway activation in individual cells from their expression signatures, while the submitted use remained primarily descriptive.	optional-strengthening	Cross-modal and interaction inference require explicit matched units, blockwise QC, alignment uncertainty and annotation provenance.	The authors retained SigXTalk crosstalk inference at cell-cluster resolution, where enough cells are required, and added an activation index derived for individual cells; canonical Wnt activity was higher in intestinal stem cells and non-canonical activity higher in Paneth progenitors in Supplementary Figure 3.	If a cell-level extension is added, distinguish the original cluster-level inferred network from the derived per-cell score, report how the score is constructed, and avoid presenting concordance as direct pathway measurement.	Optional extension proposed by this Skill, not a recorded requirement for the selected comment: validate cell-level activation with matched scMultiome, spatial protein or perturbation data and retain donor-level replication.	The response documents the added activation index, result and Supplementary Figure 3, but the file contains no later comment tied specifically to this optional request; closure is therefore author documented rather than reviewer confirmed.	author-response-documented	point-by-point-repair|scope-boundary|document-action-and-result	The revised article adds Supplementary Figure 3 and text comparing derived single-cell activation indices while preserving the cluster-level requirement for crosstalk inference.	A per-cell score derived from a group-inferred regulatory network is not measured single-cell pathway activation or causal communication; mechanism language requires independent functional or orthogonal validation.	review PDF p.1	author response p.6	Strict replacement record: single-cell literature-map candidate; official article and full review PDF were DOI-matched, downloaded, hashed, fully text-extracted and manually audited.
